ID,SKU_AppSheet,Nombre_Producto,Marca_Fabricante,Codigo_Fabrica_Descripcion,Es_Equipo,Unidad_Medida,Activo,Fecha_Creacion
"1","A00001","HBsAg (hepatitis B)","STANDARD DIAG. Reac","Cod.Fab: 01FK10","NO","Kit","SI","2026-09-03T20:47:10.907297+00:00"
"2","A00002","HCV (hepatitis C)","STANDARD DIAG. Reac","Cod.Fab: 02FK10","NO","Kit","SI","2026-09-03T20:47:10.907297+00:00"
"3","A00003","HIV - 1/2 3.0","STANDARD DIAG. Reac","Cod.Fab: 03FK10","NO","Kit","SI","2026-09-03T20:47:10.907297+00:00"
"4","A00004","SYPHILIS 3.0","STANDARD DIAG. Reac","Cod.Fab: 06FK10","NO","Kit","SI","2026-09-03T20:47:10.907297+00:00"
"5","A00005","HIV / SYPHILIS DUO","STANDARD DIAG. Reac","Cod.Fab: 06FK30","NO","Kit","SI","2026-09-03T20:47:10.907297+00:00"
"6","A00006","H. Pylori (S/P/WB) IgG/IgM/IgA (Helicobacter Pylori en Sangre)","STANDARD DIAG. Reac","Cod.Fab: 04FK10","NO","Kit","SI","2026-09-03T20:47:10.907297+00:00"
"7","A00007","H. Pylori Ag (Helicobacter Pylori en Heces)","STANDARD DIAG. Reac","Cod.Fab: 04FK20","NO","Kit","SI","2026-09-03T20:47:10.907297+00:00"
"8","A00008","UROCOLOR ( TIRAS DE ORINA )","STANDARD DIAG. Reac","Cod.Fab: 10UK10","NO","Kit","SI","2026-09-03T20:47:10.907297+00:00"
"9","A00009","Dengue IgG/IgM","STANDARD DIAG. Reac","Cod.Fab: 11FK10","NO","Kit","SI","2026-09-03T20:47:10.907297+00:00"
"10","A00010","Dengue Duo (IgG/IgM + NS1 Ag)","STANDARD DIAG. Reac","Cod.Fab: 11FK45","NO","Kit","SI","2026-09-03T20:47:10.907297+00:00"
"11","A00011","HAV IgG/IgM (hepatitis A)","STANDARD DIAG. Reac","Cod.Fab: 13FK10","NO","Kit","SI","2026-09-03T20:47:10.907297+00:00"
"12","A00012","Rota / adeNvirus Ag","STANDARD DIAG. Reac","Cod.Fab: 14FK20","NO","Kit","SI","2026-09-03T20:47:10.907297+00:00"
"13","A00013","Salmonella typhiIgG/IgM","STANDARD DIAG. Reac","Cod.Fab: 15FK12","NO","Kit","SI","2026-09-03T20:47:10.907297+00:00"
"14","A00014","LeptospiraIgG/IgM","STANDARD DIAG. Reac","Cod.Fab: 16FK40","NO","Kit","SI","2026-09-03T20:47:10.907297+00:00"
"15","A00015","Influenza A/B/A(H1N1)","STANDARD DIAG. Reac","Cod.Fab: 19FK31","NO","Kit","SI","2026-09-03T20:47:10.907297+00:00"
"16","A00016","FOB ( sangre oculta en heces)","STANDARD DIAG. Reac","Cod.Fab: 25FK10","NO","Kit","SI","2026-09-03T20:47:10.907297+00:00"
"17","A00017","HCG orina/sangre (Prueba de Embarazo)","STANDARD DIAG. Reac","Cod.Fab: 30FK20","NO","Kit","SI","2026-09-03T20:47:10.907297+00:00"
"18","A00018","STREP-A","STANDARD DIAG. Reac","Cod.Fab: 45FK12","NO","Kit","SI","2026-09-03T20:47:10.907297+00:00"
"19","A00019","CHAGAS AB","STANDARD DIAG. Reac","Cod.Fab: 49FK10","NO","Kit","SI","2026-09-03T20:47:10.907297+00:00"
"20","A00020","TIRAS CODE FREE","SD BIOSEN Reactivo","Cod.Fab: 01GS11","NO","Kit","SI","2026-09-03T20:47:10.907297+00:00"
"21","A00021","CODE FREE EQUIPO","SD BIOSENSOR Equipo","Cod.Fab: 01GC110","SI","Kit","SI","2026-09-03T20:47:10.907297+00:00"
"22","A00022","HbA1c CONTROL SOLUTION LEVE 1-2","STANDARD DIAG. Reac","Cod.Fab: 03ACS10","NO","Kit","SI","2026-09-03T20:47:10.907297+00:00"
"23","A00023","MULTICARE TEST KIT","SD BIOSEN Reactivo","Cod.Fab: 03MS10","NO","Kit","SI","2026-09-03T20:47:10.907297+00:00"
"24","A00024","INSULIN-CHECK-1","VEDALAB Reactivo","","NO","Kit","SI","2026-09-03T20:47:10.907297+00:00"
"25","A00025","L-CHECK-1","VEDALAB Reactivo","","NO","Kit","SI","2026-09-03T20:47:10.907297+00:00"
"26","A00026","PSA-CHECK-1","VEDALAB Reactivo","","NO","Kit","SI","2026-09-03T20:47:10.907297+00:00"
"27","A00027","PROLAC CHECK","VEDALAB Reactivo","","NO","Kit","SI","2026-09-03T20:47:10.907297+00:00"
"28","A00028","FSH-CHECK-1","VEDALAB Reactivo","","NO","Kit","SI","2026-09-03T20:47:10.907297+00:00"
"29","A00029","CK-MB-CHEK-1","VEDALAB Reactivo","","NO","Kit","SI","2026-09-03T20:47:10.907297+00:00"
"30","A00030","IGE-CHECK-1","VEDALAB Reactivo","","NO","Kit","SI","2026-09-03T20:47:10.907297+00:00"
"31","A00031","AFP-CHECK-1","VEDALAB Reactivo","","NO","Kit","SI","2026-09-03T20:47:10.907297+00:00"
"32","A00032","TROPOPNIN I","VEDALAB Reactivo","","NO","Kit","SI","2026-09-03T20:47:10.907297+00:00"
"33","A00033","PROCAL-CHECK-1","VEDALAB Reactivo","","NO","Kit","SI","2026-09-03T20:47:10.907297+00:00"
"34","A00034","FOB-CHECK-2","VEDALAB Reactivo","","NO","Kit","SI","2026-09-03T20:47:10.907297+00:00"
"35","A00035","CEA-CHECK-1","VEDALAB Reactivo","","NO","Kit","SI","2026-09-03T20:47:10.907297+00:00"
"36","A00036","D-DIMER CHECK- 1","VEDALAB Reactivo","","NO","Kit","SI","2026-09-03T20:47:10.907297+00:00"
"37","A00037","T4-CHECK-1","VEDALAB Reactivo","","NO","Kit","SI","2026-09-03T20:47:10.907297+00:00"
"38","A00038","T3-CHECK-1","VEDALAB Reactivo","","NO","Kit","SI","2026-09-03T20:47:10.907297+00:00"
"39","A00039","ULTRA-TSH-CHECK-1","VEDALAB Reactivo","","NO","Kit","SI","2026-09-03T20:47:10.907297+00:00"
"40","A00040","CEA-125-CHECK-1","VEDALAB Reactivo","","NO","Kit","SI","2026-09-03T20:47:10.907297+00:00"
"41","A00041","MICROALBUMINA","VEDALAB Reactivo","","NO","Kit","SI","2026-09-03T20:47:10.907297+00:00"
"42","A00042","B-HCG-CHECK-1","VEDALAB Reactivo","","NO","Kit","SI","2026-09-03T20:47:10.907297+00:00"
"43","A00043","CRP-CHECK-1","VEDALAB Reactivo","","NO","Kit","SI","2026-09-03T20:47:10.907297+00:00"
"44","A00044","HS-CRP-CHECK-1","VEDALAB Reactivo","","NO","Kit","SI","2026-09-03T20:47:10.907297+00:00"
"45","A00045","FRT-CHECK-1","VEDALAB Reactivo","","NO","Kit","SI","2026-09-03T20:47:10.907297+00:00"
"46","A00046","MIOGLOBINA KIT 20T","VEDALAB Reactivo","","NO","Kit","SI","2026-09-03T20:47:10.907297+00:00"
"47","A00047","GEM CVP 1 GEM 3K AMPOLLA","INSTRU. LAB Reactivo","","NO","Kit","SI","2026-09-03T20:47:10.907297+00:00"
"48","A00048","GEM CVP 2 GEM 3K AMPOLLA","INSTRU. LAB Reactivo","","NO","Kit","SI","2026-09-03T20:47:10.907297+00:00"
"49","A00049","GEM CVP 3 GEM 3K AMPOLLA","INSTRU. LAB Reactivo","","NO","Kit","SI","2026-09-03T20:47:10.907297+00:00"
"50","A00050","GEM CVP 4 GEM 3K AMPOLLA","INSTRU. LAB Reactivo","","NO","Kit","SI","2026-09-03T20:47:10.907297+00:00"
"51","A00051","CARTUCHO GEM 3K 75 PRUEBAS","INSTRU. LAB Reactivo","","NO","Kit","SI","2026-09-03T20:47:11.274186+00:00"
"52","A00052","CARTUCHO GEM 3K 150 PRUEBAS","INSTRU. LAB Reactivo","","NO","Kit","SI","2026-09-03T20:47:11.274186+00:00"
"53","A00053","CARTUCHO GEM 3K 300 PRUEBAS","INSTRU. LAB Reactivo","","NO","Kit","SI","2026-09-03T20:47:11.274186+00:00"
"54","A00054","CARTUCHO GEM 3K 600 PRUEBAS","INSTRU. LAB Reactivo","","NO","Kit","SI","2026-09-03T20:47:11.274186+00:00"
"55","A00055","CARTUCHO GEM 3.5K 75 PRUEBAS","INSTRU. LAB Reactivo","","NO","Kit","SI","2026-09-03T20:47:11.274186+00:00"
"56","A00056","CARTUCHO GEM 3.5K 300 PRUEBAS","INSTRU. LAB Reactivo","","NO","Kit","SI","2026-09-03T20:47:11.274186+00:00"
"57","A00057","CARTUCHO GEM 3.5K 600 PRUEBAS","INSTRU. LAB Reactivo","","NO","Kit","SI","2026-09-03T20:47:11.274186+00:00"
"58","A00058","TRANSPONDER DE 500 PRUEBAS","DIESSE Reactivo","Cod.Fab: 10293","NO","Kit","SI","2026-09-03T20:47:11.274186+00:00"
"59","A00059","TRANSPONDER DE 5000 PRUEBAS","DIESSE Reactivo","Cod.Fab: 10291","NO","Kit","SI","2026-09-03T20:47:11.274186+00:00"
"60","A00060","CHORUS CITOMEGALOVIRUS IGG","DIESSE Reactivo","Cod.Fab: 81010","NO","Kit","SI","2026-09-03T20:47:11.274186+00:00"
"61","A00061","CHORUS CITOMEGALOVIRUS IGM","DIESSE Reactivo","Cod.Fab: 81011","NO","Kit","SI","2026-09-03T20:47:11.274186+00:00"
"62","A00062","CHORUS HSV 2 SCREEN 36 TEST","DIESSE Reactivo","Cod.Fab: 81019","NO","Kit","SI","2026-09-03T20:47:11.274186+00:00"
"63","A00063","CHORUS HERPES SIMPLEX 1+2 IGM","DIESSE Reactivo","Cod.Fab: 81021","NO","Kit","SI","2026-09-03T20:47:11.274186+00:00"
"64","A00064","HSV 1 IgG RECOBINANTE CHORUS 36 TEST","DIESSE Reactivo","Cod.Fab: 81023","NO","Kit","SI","2026-09-03T20:47:11.274186+00:00"
"65","A00065","CHORUS RUBELLA IgG","DIESSE Reactivo","Cod.Fab: 81030","NO","Kit","SI","2026-09-03T20:47:11.274186+00:00"
"66","A00066","CHORUS RUBELLA IgM","DIESSE Reactivo","Cod.Fab: 81031","NO","Kit","SI","2026-09-03T20:47:11.274186+00:00"
"67","A00067","CHORUS TOXOPLASMA IgG","DIESSE Reactivo","Cod.Fab: 81040","NO","Kit","SI","2026-09-03T20:47:11.274186+00:00"
"68","A00068","CHORUS TOXOPLASMA IgM","DIESSE Reactivo","Cod.Fab: 81041","NO","Kit","SI","2026-09-03T20:47:11.274186+00:00"
"69","A00069","CHORUS EPSTEIN-BARR VCA IgM","DIESSE Reactivo","Cod.Fab: 81054","NO","Kit","SI","2026-09-03T20:47:11.274186+00:00"
"70","A00070","CHORUS EPSTEIN-BARR VCA IgG","DIESSE Reactivo","Cod.Fab: 81055","NO","Kit","SI","2026-09-03T20:47:11.274186+00:00"
"71","A00071","CHORUS HELICOBACTER IGG","DIESSE Reactivo","Cod.Fab: 81060","NO","Kit","SI","2026-09-03T20:47:11.274186+00:00"
"72","A00072","CHORUS HELICOBACTER IGA","DIESSE Reactivo","Cod.Fab: 81062","NO","Kit","SI","2026-09-03T20:47:11.274186+00:00"
"73","A00073","CHORUS VARICELLA IgG","DIESSE Reactivo","Cod.Fab: 81078","NO","Kit","SI","2026-09-03T20:47:11.274186+00:00"
"74","A00074","CHORUS VARICELLA IgM","DIESSE Reactivo","Cod.Fab: 81079","NO","Kit","SI","2026-09-03T20:47:11.274186+00:00"
"75","A00075","CHORUS CHLAMIDIA TRACHONMATIS IgA","DIESSE Reactivo","Cod.Fab: 81262","NO","Kit","SI","2026-09-03T20:47:11.274186+00:00"
"76","A00076","ANA-8","DIESSE Reactivo","Cod.Fab: 86010","NO","Kit","SI","2026-09-03T20:47:11.274186+00:00"
"77","A00077","CHORUS SS-B","DIESSE Reactivo","Cod.Fab: 86024","NO","Kit","SI","2026-09-03T20:47:11.274186+00:00"
"78","A00078","DNAds (ANTI-DNA) IgG","DIESSE Reactivo","Cod.Fab: 86032","NO","Kit","SI","2026-09-03T20:47:11.274186+00:00"
"79","A00079","CHORUS CARDIOLIPINA IGG","DIESSE Reactivo","Cod.Fab: 86046","NO","Kit","SI","2026-09-03T20:47:11.274186+00:00"
"80","A00080","CHORUS CARDIOLIPINA IgM","DIESSE Reactivo","Cod.Fab: 86048","NO","Kit","SI","2026-09-03T20:47:11.274186+00:00"
"81","A00081","CHORUS TTG-A","DIESSE Reactivo","Cod.Fab: 86058","NO","Kit","SI","2026-09-03T20:47:11.274186+00:00"
"82","A00082","CHORUS TTG-G","DIESSE Reactivo","Cod.Fab: 86060","NO","Kit","SI","2026-09-03T20:47:11.274186+00:00"
"83","A00083","CHORUS PR3 36 TETS","DIESSE Reactivo","Cod.Fab: 86066","NO","Kit","SI","2026-09-03T20:47:11.274186+00:00"
"84","A00084","CHORUS MPO 36 TEST","DIESSE Reactivo","Cod.Fab: 86068","NO","Kit","SI","2026-09-03T20:47:11.274186+00:00"
"85","A00085","A-TG","DIESSE Reactivo","Cod.Fab: Pasa a A00188","NO","Kit","SI","2026-09-03T20:47:11.274186+00:00"
"86","A00086","CHORUS a-TPO (ANTICUERPS TIROGLOBULINA)","DIESSE Reactivo","Cod.Fab: 86074","NO","Kit","SI","2026-09-03T20:47:11.274186+00:00"
"87","A00087","CHORUS TG","DIESSE Reactivo","Cod.Fab: 86076","NO","Kit","SI","2026-09-03T20:47:11.274186+00:00"
"88","A00088","CHORUS AMA-M2","DIESSE Reactivo","Cod.Fab: 86084","NO","Kit","SI","2026-09-03T20:47:11.274186+00:00"
"89","A00089","CHORUS ANTI-CCP","DIESSE Reactivo","Cod.Fab: 86094","NO","Kit","SI","2026-09-03T20:47:11.274186+00:00"
"90","A00090","CHORUS GLIADIN-A","DIESSE Reactivo","Cod.Fab: 86054","NO","Kit","SI","2026-09-03T20:47:11.274186+00:00"
"91","A00091","CHORUS DEAMINATED GLAIND","DIESSE Reactivo","Cod.Fab: 86100","NO","Kit","SI","2026-09-03T20:47:11.274186+00:00"
"92","A00092","CLEANING SOLUTION","DIESSE Reactivo","Cod.Fab: 83609","NO","Kit","SI","2026-09-03T20:47:11.274186+00:00"
"93","A00093","SATINIZING SOLUTION (1X20ML)","DIESSE Reactivo","Cod.Fab: 83604","NO","Kit","SI","2026-09-03T20:47:11.274186+00:00"
"94","A00094","WAHING BUFFER AUTOIMMUNITY","DIESSE Reactivo","Cod.Fab: 86004","NO","Kit","SI","2026-09-03T20:47:11.274186+00:00"
"95","A00095","WASHING BUFFER A","DIESSE Reactivo","Cod.Fab: 83606","NO","Kit","SI","2026-09-03T20:47:11.274186+00:00"
"96","A00096","ESR CONTROL CUBE","DIESSE Reactivo","Cod.Fab: 10435","NO","Kit","SI","2026-09-03T20:47:11.274186+00:00"
"97","A00097","ANTI-Tg","MONOBIND Reactivo","Cod.Fab: 1025-300A","NO","Kit","SI","2026-09-03T20:47:11.274186+00:00"
"98","A00098","T4 LIBRE","MONOBIND Reactivo","Cod.Fab: 1225-300A","NO","Kit","SI","2026-09-03T20:47:11.274186+00:00"
"99","A00099","T3 TOTAL","MONOBIND Reactivo","Cod.Fab: 125-300A","NO","Kit","SI","2026-09-03T20:47:11.274186+00:00"
"100","A00100","T3 LIBRE","MONOBIND Reactivo","Cod.Fab: 1325-300A","NO","Kit","SI","2026-09-03T20:47:11.274186+00:00"
"101","A00101","H. PYLORI IgG","MONOBIND Reactivo","Cod.Fab: 1425-300A","NO","Kit","SI","2026-09-03T20:47:11.627015+00:00"
"102","A00102","H. PYLORI IgM","MONOBIND Reactivo","Cod.Fab: 1525-300A","NO","Kit","SI","2026-09-03T20:47:11.627015+00:00"
"103","A00103","ANTIGEN PROSTATICO TOTAL (PSA)","MONOBIND Reactivo","Cod.Fab: 2125-300A","NO","Kit","SI","2026-09-03T20:47:11.627015+00:00"
"104","A00104","ANTIGEN PROSTATICO LIBRE (F-PSA)","MONOBIND Reactivo","Cod.Fab: 2325-300A","NO","Kit","SI","2026-09-03T20:47:11.627015+00:00"
"105","A00105","TSH","MONOBIND Reactivo","Cod.Fab: 325-300A","NO","Kit","SI","2026-09-03T20:47:11.627015+00:00"
"106","A00106","RAPID TSH","MONOBIND Reactivo","Cod.Fab: 6025-300A","NO","Kit","SI","2026-09-03T20:47:11.627015+00:00"
"107","A00107","TG","MONOBIND Reactivo","Cod.Fab: 2225-300A","NO","Kit","SI","2026-09-03T20:47:11.627015+00:00"
"108","A00108","INMUNGLOBULINA IGE","MONOBIND Reactivo","Cod.Fab: 2525-300A","NO","Kit","SI","2026-09-03T20:47:11.627015+00:00"
"109","A00109","CEA","MONOBIND Reactivo","Cod.Fab: 1825-300A","NO","Kit","SI","2026-09-03T20:47:11.627015+00:00"
"110","A00110","CA-125","MONOBIND Reactivo","Cod.Fab: 3025-300A","NO","Kit","SI","2026-09-03T20:47:11.627015+00:00"
"111","A00111","CA-15-3","MONOBIND Reactivo","Cod.Fab: 5625-300A","NO","Kit","SI","2026-09-03T20:47:11.627015+00:00"
"112","A00112","CA-19-9","MONOBIND Reactivo","Cod.Fab: 3925-300A","NO","Kit","SI","2026-09-03T20:47:11.627015+00:00"
"113","A00113","FT3 FT4 TSH","MONOBIND Reactivo","Cod.Fab: 7025-300B","NO","Kit","SI","2026-09-03T20:47:11.627015+00:00"
"114","A00114","T3 T4 Y TSH (192 PRUEBAS)","MONOBIND Reactivo","Cod.Fab: 8025-300B","NO","Kit","SI","2026-09-03T20:47:11.627015+00:00"
"115","A00115","HCG PRL LH FSH","MONOBIND Reactivo","Cod.Fab: 8325-300A","NO","Kit","SI","2026-09-03T20:47:11.627015+00:00"
"116","A00116","Q SURE MULTI-LIGGANDS CONTROL","MONOBIND Reactivo","Cod.Fab: ML-300B","NO","Kit","SI","2026-09-03T20:47:11.627015+00:00"
"117","A00117","Q SURE TUMOR MAKER CONTROL","VEDALAB Reactivo","Cod.Fab: TMC-300","NO","Kit","SI","2026-09-03T20:47:11.627015+00:00"
"118","A00118","AFP CEA PSA","MONOBIND Reactivo","Cod.Fab: 8425-300B","NO","Kit","SI","2026-09-03T20:47:11.627015+00:00"
"119","A00119","PSA-XS","MONOBIND Reactivo","Cod.Fab: 8725-300A","NO","Kit","SI","2026-09-03T20:47:11.627015+00:00"
"120","A00120","AFP","MONOBIND Reactivo","Cod.Fab: 1925-300A","NO","Kit","SI","2026-09-03T20:47:11.627015+00:00"
"121","A00121","PH","MONOBIND Reactivo","Cod.Fab: 9025-300A","NO","Kit","SI","2026-09-03T20:47:11.627015+00:00"
"122","A00122","ANALYZER OPTI TS2","OPTIMEDICAL Equipo","Cod.Fab: GD7046","SI","Kit","SI","2026-09-03T20:47:11.627015+00:00"
"123","A00123","BOTELLA DE GAST OPTI CCA TS","OPTIMEDICAL Reactivo","Cod.Fab: BP7001","NO","Kit","SI","2026-09-03T20:47:11.627015+00:00"
"124","A00124","BOTELLA DE GAS TS2","OPTIMEDICAL Reactivo","Cod.Fab: BP7162","NO","Kit","SI","2026-09-03T20:47:11.627015+00:00"
"125","A00125","CASSETTE OPTI E-CA CCA","OPTIMEDICAL Reactivo","Cod.Fab: BP7560_","NO","Kit","SI","2026-09-03T20:47:11.627015+00:00"
"126","A00126","CASSETTE OPTI E-LYTE CCA","OPTIMEDICAL Reactivo","Cod.Fab: BP7667","NO","Kit","SI","2026-09-03T20:47:11.627015+00:00"
"127","A00127","OPTI CCA SRC NIVEL 1","OPTIMEDICAL Reactivo","Cod.Fab: BP7536","NO","Kit","SI","2026-09-03T20:47:11.627015+00:00"
"128","A00128","OPTI CCA SRC NIVEL 3","OPTIMEDICAL Reactivo","Cod.Fab: BP7543","NO","Kit","SI","2026-09-03T20:47:11.627015+00:00"
"129","A00129","NYCOCARD HEMOGLOBINA GLICOSLADA","VEDALAB Equipo","","SI","Kit","SI","2026-09-03T20:47:11.627015+00:00"
"130","A00130","NYCOCARD MICROALBUMIN 24 TEST","VEDALAB Equipo","","SI","Kit","SI","2026-09-03T20:47:11.627015+00:00"
"131","A00131","CAPYLARI TUBES","ALERE1 Reactivo","","NO","Kit","SI","2026-09-03T20:47:11.627015+00:00"
"132","A00132","PEN TIPS","ALERE1 Reactivo","","NO","Kit","SI","2026-09-03T20:47:11.627015+00:00"
"133","A00133","NYCOCARD HbA1c CONTROL 2X1","STANDARD DIAG. Equ","Cod.Fab: 1116362","NO","Kit","SI","2026-09-03T20:47:11.627015+00:00"
"134","A00134","HB 201 MICROCUBETAS 4X50.","HEMOCUE Reactivo","Cod.Fab: 111716","NO","Kit","SI","2026-09-03T20:47:11.627015+00:00"
"135","A00135","HEMOCUE SAFETY LANCET 200 PCS","HEMOCUE Reactivo","Cod.Fab: 130148","NO","Kit","SI","2026-09-03T20:47:11.627015+00:00"
"136","A00136","DRUG CHECK 11 PANEL","DRUG-CHECK Reactivo","","NO","Kit","SI","2026-09-03T20:47:11.627015+00:00"
"137","A00137","DRUG CHECK 6 PANEL","DRUG-CHECK Reactivo","","NO","Kit","SI","2026-09-03T20:47:11.627015+00:00"
"138","A00138","EASY READER + PLUS","VEDALAB Equipo","","SI","Kit","SI","2026-09-03T20:47:11.627015+00:00"
"139","A00139","SD A1cCARE","SD BIOSEN Reactivo","Cod.Fab: 03HA10","NO","Kit","SI","2026-09-03T20:47:11.627015+00:00"
"140","A00140","UROMETER","SD BIOSENSOR Equipo","Cod.Fab: UMO120","SI","Kit","SI","2026-09-03T20:47:11.627015+00:00"
"141","A00141","VES MATIC CUBE 301 PC","DIESSE Equipo","Cod.Fab: 10390","SI","Kit","SI","2026-09-03T20:47:11.627015+00:00"
"142","A00142","MINICUBE","DIESSE Equipo","Cod.Fab: 10392","SI","Kit","SI","2026-09-03T20:47:11.627015+00:00"
"143","A00143","LECTOR DE CODIGO BARRA PARA MINI-CUBE","DIESSE Equipo","Cod.Fab: R21430320","SI","Kit","SI","2026-09-03T20:47:11.627015+00:00"
"144","A00144","GEM PREMIER 3K","INSTRU. LAB Equipo","","SI","Kit","SI","2026-09-03T20:47:11.627015+00:00"
"145","A00145","HB 201 ANALYZADOR","HEMOCUE Equipo","Cod.Fab: 121713","SI","Kit","SI","2026-09-03T20:47:11.627015+00:00"
"146","A00146","CONTADOR DIFERENCIAL (PIAN)","OTRA Equipo","Cod.Fab: DBC-6","SI","Kit","SI","2026-09-03T20:47:11.627015+00:00"
"147","A00147","HEATER BLOCK 6CM 300D","OTRA Equipo","Cod.Fab: 24005000","SI","Kit","SI","2026-09-03T20:47:11.627015+00:00"
"148","A00148","V.D. ROTATOR","OTRA Equipo","Cod.Fab: VRN-200","SI","Kit","SI","2026-09-03T20:47:11.627015+00:00"
"149","A00149","BAR CODE READER Z-3220","DIESSE Equipo","Cod.Fab: 20550510","SI","Kit","SI","2026-09-03T20:47:11.627015+00:00"
"150","A00150","IMPRESORA DIESSE PARA MINI CUBE","DIESSE Equipo","Cod.Fab: 21430320","SI","Kit","SI","2026-09-03T20:47:11.627015+00:00"
"151","A00151","GEM PREMIER 3500","INSTRU. LAB Equipo","Cod.Fab: 26000000R","SI","Kit","SI","2026-09-03T20:47:11.970482+00:00"
"152","A00152","OPTIMEDICAL CCA-TS","OPTIMEDICAL Equipo","Cod.Fab: GD7013R","SI","Kit","SI","2026-09-03T20:47:11.970482+00:00"
"153","A00153","T4 TOTAL","MONOBIND Reactivo","Cod.Fab: 225-300A","NO","Kit","SI","2026-09-03T20:47:11.970482+00:00"
"154","A00154","CHORUS TRIO","DIESSE Equipo","Cod.Fab: 81200","SI","Kit","SI","2026-09-03T20:47:11.970482+00:00"
"155","A00155","4DLAB","SERVICIO","Cod.Fab: 4DLAB","NO","Kit","SI","2026-09-03T20:47:11.970482+00:00"
"156","A00156","STANDARD Q-V30D","SD BIOSEN Reactivo","Cod.Fab: Q-V30D","NO","Kit","SI","2026-09-03T20:47:11.970482+00:00"
"157","A00157","STANDARD Q-V50G","SD BIOSEN Reactivo","Cod.Fab: Q-V50G","NO","Kit","SI","2026-09-03T20:47:11.970482+00:00"
"158","A00158","C-PEPTIDE & INSULIN","MONOBIND Reactivo","Cod.Fab: 7325-300A","NO","Kit","SI","2026-09-03T20:47:11.970482+00:00"
"159","A00159","MULTICARE ANALIZADOR","SD BIOSENSOR Equipo","Cod.Fab: 03MA10","SI","Kit","SI","2026-09-03T20:47:11.970482+00:00"
"160","A00160","EQUIPO NYCOCARD","ABBOTT DIAG. Equipo","Cod.Fab: 1113117","SI","Kit","SI","2026-09-03T20:47:11.970482+00:00"
"161","A00161","MACRO CENTRÍFUGA","BIONOTE INC. Equipo","Cod.Fab: PLC024","SI","Kit","SI","2026-09-03T20:47:11.970482+00:00"
"162","A00162","CASSETTE OPTI E-CA CCA","OPTIMEDICAL Reactivo","Cod.Fab: BP7560","NO","Kit","SI","2026-09-03T20:47:11.970482+00:00"
"163","A00163","CARTUCHO GEM 3.5K 150 PRUEBAS","INSTRU. LAB Reactivo","Cod.Fab: 26315089","NO","Kit","SI","2026-09-03T20:47:11.970482+00:00"
"164","A00164","PROGESTERONA ACCUBIND ELISA KIT 96 WELL","MONOBIND Reactivo","Cod.Fab: 4825-300A","NO","Kit","SI","2026-09-03T20:47:11.970482+00:00"
"165","A00165","ESTRADIOL E2 ACCUBIND ELISA KIT 96 WELL","MONOBIND Reactivo","Cod.Fab: 4925-300A","NO","Kit","SI","2026-09-03T20:47:11.970482+00:00"
"166","A00166","FERRITIN ACUCUBIND ELISA KIT 96 WELLS","MONOBIND Reactivo","Cod.Fab: 2825-300A","NO","Kit","SI","2026-09-03T20:47:11.970482+00:00"
"167","A00167","NYCOCARD HBA1C (24T)","STANDARD DIAG. Equ","Cod.Fab: 1116083","NO","Kit","SI","2026-09-03T20:47:11.970482+00:00"
"168","A00168","FERRITIN NEGATIVE CONTROL","VEDALAB Reactivo","","NO","Kit","SI","2026-09-03T20:47:11.970482+00:00"
"169","A00169","FERRITIN POSITIVE CONTROL","VEDALAB Reactivo","","NO","Kit","SI","2026-09-03T20:47:11.970482+00:00"
"170","A00170","CEA POSITIVE CONTROL","VEDALAB Reactivo","","NO","Kit","SI","2026-09-03T20:47:11.970482+00:00"
"171","A00171","CEA NEGATIVE CONTROL","VEDALAB Reactivo","","NO","Kit","SI","2026-09-03T20:47:11.970482+00:00"
"172","A00172","CEA 125 POSITIVE CONTROL","VEDALAB Reactivo","","NO","Kit","SI","2026-09-03T20:47:11.970482+00:00"
"173","A00173","CEA 125 NEGATIVE CONTROL","VEDALAB Reactivo","","NO","Kit","SI","2026-09-03T20:47:11.970482+00:00"
"174","A00174","D-DIMER POSITIVE CONTROL","VEDALAB Reactivo","","NO","Kit","SI","2026-09-03T20:47:11.970482+00:00"
"175","A00175","D-DIMER NEGATIVE CONTROL","VEDALAB Reactivo","","NO","Kit","SI","2026-09-03T20:47:11.970482+00:00"
"176","A00176","AFP POSITIVE CONTROL","VEDALAB Reactivo","","NO","Kit","SI","2026-09-03T20:47:11.970482+00:00"
"177","A00177","AFP NEGATIVE CONTROL","VEDALAB Reactivo","","NO","Kit","SI","2026-09-03T20:47:11.970482+00:00"
"178","A00178","HCG POSITIVE CONTROL","VEDALAB Reactivo","","NO","Kit","SI","2026-09-03T20:47:11.970482+00:00"
"179","A00179","HCG NEGATIVE CONTROL","VEDALAB Reactivo","","NO","Kit","SI","2026-09-03T20:47:11.970482+00:00"
"180","A00180","INSULIN POSITIVE CONTROL","VEDALAB Reactivo","","NO","Kit","SI","2026-09-03T20:47:11.970482+00:00"
"181","A00181","INSULIN NEGATIVE CONTROL","VEDALAB Reactivo","","NO","Kit","SI","2026-09-03T20:47:11.970482+00:00"
"182","A00182","TROPONIN I WB POSITIVE CONTROL","VEDALAB Reactivo","","NO","Kit","SI","2026-09-03T20:47:11.970482+00:00"
"183","A00183","TROPONIN I WB NEGATIVE CONTROL","VEDALAB Reactivo","","NO","Kit","SI","2026-09-03T20:47:11.970482+00:00"
"184","A00184","CK MB POSITIVE CONTROL","VEDALAB Reactivo","","NO","Kit","SI","2026-09-03T20:47:11.970482+00:00"
"185","A00185","CK MB NEGATIVE CONTROL","VEDALAB Reactivo","","NO","Kit","SI","2026-09-03T20:47:11.970482+00:00"
"186","A00186","MULTICARE TEST KIT","SD BIOSEN Reactivo","Cod.Fab: 03MS10-","NO","Kit","SI","2026-09-03T20:47:11.970482+00:00"
"187","A00187","CHORUS GLIADIN-G 36 TEST","DIESSE Reactivo","Cod.Fab: 86056","NO","Kit","SI","2026-09-03T20:47:11.970482+00:00"
"188","A00188","CHORUS A-TG 36 TEST","DIESSE Reactivo","Cod.Fab: 86072","NO","Kit","SI","2026-09-03T20:47:11.970482+00:00"
"189","A00189","ESR CONTROL CUBE 4X9 ML","DIESSE Reactivo","","NO","Kit","SI","2026-09-03T20:47:11.970482+00:00"
"190","A00190","D-DIMER ACCUBIND ELISA KIT 96 WELL","MONOBIND Reactivo","Cod.Fab: 12025-300A","NO","Kit","SI","2026-09-03T20:47:11.970482+00:00"
"191","A00191","INSULIN ACCUBIND ELISA KIT 96 WELL","MONOBIND Reactivo","Cod.Fab: 2425-300A","NO","Kit","SI","2026-09-03T20:47:11.970482+00:00"
"192","A00192","BA2105 LED BINOCULAR","MOTIC Equipo","","SI","Kit","SI","2026-09-03T20:47:11.970482+00:00"
"193","A00193","CUBE 30 TOUCH","DIESSE Equipo","Cod.Fab: 10395","SI","Kit","SI","2026-09-03T20:47:11.970482+00:00"
"194","A00194","NEELDEX ELISA ANALYZER TOUCH SCREEN","MONOBIND Equipo","Cod.Fab: IN009","SI","Kit","SI","2026-09-03T20:47:11.970482+00:00"
"195","A00195","ASSEMBLY SRC MULTI LEVEL TS2","OPTIMEDICAL Reactivo","Cod.Fab: BP7652","NO","Kit","SI","2026-09-03T20:47:11.970482+00:00"
"196","A00196","TESTOSTERONE ACCUBIND ELISA KIT 96 WELL","MONOBIND Reactivo","Cod.Fab: 3725-300A","NO","Kit","SI","2026-09-03T20:47:11.970482+00:00"
"197","A00197","G3.5K SECO SBC ANDA SATA DVD UPGRADE","INSTRU. LAB Equipo","Cod.Fab: 10841","SI","Kit","SI","2026-09-03T20:47:11.970482+00:00"
"198","A00198","NYCOCARD READER II","ABBOTT DIAG. Equipo","Cod.Fab: 1116815","SI","Kit","SI","2026-09-03T20:47:11.970482+00:00"
"199","A00199","AFINION LIPID PANEL 15 TESTS","ABBOTT DIAG. React","Cod.Fab: 1116801","NO","Kit","SI","2026-09-03T20:47:11.970482+00:00"
"200","A00200","AFINION LIPID PANEL CONTROL","ABBOTT DIAG. React","Cod.Fab: 1116800","NO","Kit","SI","2026-09-03T20:47:11.970482+00:00"
"227","A00252","STANDARD F COVID-19 AG FIA","SD BIOSEN Reactivo","Cod.Fab: F-NCOV-01G","NO","Kit","SI","2026-09-03T20:47:12.670423+00:00"
"228","A00253","STANDARD F SYPHILIS AB FIA","SD BIOSEN Reactivo","Cod.Fab: F-SPH-01","NO","Kit","SI","2026-09-03T20:47:12.670423+00:00"
"229","A00254","STANDARD D-BLOCK INCUBATOR","SD BIOSENSOR Equipo","Cod.Fab: 90-IC10-01","SI","Kit","SI","2026-09-03T20:47:12.670423+00:00"
"230","A00255","ZIKA IGM","ABBOTT DIAG. React","Cod.Fab: 12FK21","NO","Kit","SI","2026-09-03T20:47:12.670423+00:00"
"231","A00256","UPS EQUIPO INFORMATICO","OTRA Equipo","","SI","Kit","SI","2026-09-03T20:47:12.670423+00:00"
"232","A00257","MULTIMETRO FLUKE-DMM115","OTRA Equipo","","SI","Kit","SI","2026-09-03T20:47:12.670423+00:00"
"233","A00258","BANCO DE TRABAJO 23141","OTRA Equipo","","SI","Kit","SI","2026-09-03T20:47:12.670423+00:00"
"234","A00259","GABINETE DE TRABAJO 71512","OTRA Equipo","","SI","Kit","SI","2026-09-03T20:47:12.670423+00:00"
"235","A00260","DELL INSPIRON15 3000 MODELO 3525","OTRA Equipo","","SI","Kit","SI","2026-09-03T20:47:12.670423+00:00"
"236","A00261","CAMARA VERTICAL 2 PUERTAS MODELO GLS 500FF 18 PIES","OTRA Equipo","","SI","Kit","SI","2026-09-03T20:47:12.670423+00:00"
"237","A00262","STANDARD F HCV AB FIA","SD BIOSEN Reactivo","Cod.Fab: 10HCV10D","NO","Kit","SI","2026-09-03T20:47:12.670423+00:00"
"238","A00263","CHORUS HERPES SIMPLEX 1+2 IGG","DIESSE Reactivo","Cod.Fab: 81020","NO","Kit","SI","2026-09-03T20:47:12.670423+00:00"
"239","A00264","ABO AND RHD BLOOD GROUPING RAPID TEST","ALLTEST Reactivo","Cod.Fab: OABD-402","NO","Kit","SI","2026-09-03T20:47:12.670423+00:00"
"240","A00265","CRP SEMI-QUANTITATIVE RAPID TEST","ALLTEST Reactivo","Cod.Fab: CCR-U401","NO","Kit","SI","2026-09-03T20:47:12.670423+00:00"
"241","A00266","CARDIAC TROPONIN T RAPID TEST","ALLTEST Reactivo","Cod.Fab: CTNT-402","NO","Kit","SI","2026-09-03T20:47:12.670423+00:00"
"242","A00267","CARDIAC TROPONIN I RAPID TEST","ALLTEST Reactivo","Cod.Fab: CTI-402","NO","Kit","SI","2026-09-03T20:47:12.670423+00:00"
"243","A00268","DENGUE IGG/IGM RAPID TEST","ALLTEST Reactivo","Cod.Fab: IDEN-402","NO","Kit","SI","2026-09-03T20:47:12.670423+00:00"
"244","A00269","FOB RAPID TEST","ALLTEST Reactivo","Cod.Fab: TFO-601","NO","Kit","SI","2026-09-03T20:47:12.670423+00:00"
"245","A00270","H. PYLORI ANTIBODY RAPID TEST","ALLTEST Reactivo","Cod.Fab: IHP-302","NO","Kit","SI","2026-09-03T20:47:12.670423+00:00"
"246","A00271","H. PYLORI ANTIGEN RAPID TEST","ALLTEST Reactivo","Cod.Fab: IHP-602","NO","Kit","SI","2026-09-03T20:47:12.670423+00:00"
"247","A00272","HAV IGG/IGM RAPID TEST","ALLTEST Reactivo","Cod.Fab: IHAGM-425","NO","Kit","SI","2026-09-03T20:47:12.670423+00:00"
"248","A00273","HBSAG RAPID TEST","ALLTEST Reactivo","Cod.Fab: IHBSG-402","NO","Kit","SI","2026-09-03T20:47:12.670423+00:00"
"249","A00274","HCV RAPID TEST","ALLTEST Reactivo","Cod.Fab: IHC-402","NO","Kit","SI","2026-09-03T20:47:12.670423+00:00"
"250","A00275","HIV 1.2 RAPID TEST","ALLTEST Reactivo","Cod.Fab: IHI-402","NO","Kit","SI","2026-09-03T20:47:12.670423+00:00"
"251","A00276","LYME IGG/IGM RAPID TEST","ALLTEST Reactivo","Cod.Fab: ILY-402","NO","Kit","SI","2026-09-03T20:47:12.670423+00:00"
"252","A00277","MONO RAPID TEST","ALLTEST Reactivo","Cod.Fab: IMO-402","NO","Kit","SI","2026-09-03T20:47:12.670423+00:00"
"253","A00278","NOROVIRUS ROTAVIRUS ADENOVIRUS AND ASTROVIRUS COMBO RAPID TEST","ALLTEST Reactivo","Cod.Fab: IMVD-645","NO","Kit","SI","2026-09-03T20:47:12.670423+00:00"
"254","A00279","RHEUMATOID FACTOR RAPID TEST","ALLTEST Reactivo","Cod.Fab: ORF-302","NO","Kit","SI","2026-09-03T20:47:12.670423+00:00"
"255","A00280","SALMONELLA TYPHI AND PARATYPHI ANTIGEN COMBO RAPID TEST","ALLTEST Reactivo","Cod.Fab: ISTP-625","NO","Kit","SI","2026-09-03T20:47:12.670423+00:00"
"256","A00281","STREP B RAPID TEST","ALLTEST Reactivo","Cod.Fab: ISB-502","NO","Kit","SI","2026-09-03T20:47:12.670423+00:00"
"257","A00282","SYPHILIS RAPID TEST","ALLTEST Reactivo","Cod.Fab: ISY-402","NO","Kit","SI","2026-09-03T20:47:12.670423+00:00"
"258","A00283","TORCH IGG/IGM COMBO RAPID TEST","ALLTEST Reactivo","Cod.Fab: ITOGM-445","NO","Kit","SI","2026-09-03T20:47:12.670423+00:00"
"259","A00284","TOXO IGG/IGM RAPID TEST","ALLTEST Reactivo","Cod.Fab: ITGM-402","NO","Kit","SI","2026-09-03T20:47:12.670423+00:00"
"260","A00285","TRICHOMONAS VAGINALIS RAPID TEST","ALLTEST Reactivo","Cod.Fab: ITV-502","NO","Kit","SI","2026-09-03T20:47:12.670423+00:00"
"261","A00286","VIDRIO CHOLEREA O1/O139 COMBO RAPID TEST","ALLTEST Reactivo","Cod.Fab: IVCAB-625","NO","Kit","SI","2026-09-03T20:47:12.670423+00:00"
"262","A00287","STANDARD F B-HCG","SD BIOSEN Reactivo","Cod.Fab: 10BHC10B","NO","Kit","SI","2026-09-03T20:47:12.670423+00:00"
"263","A00288","ULTRA SYPHILIS AB","SD BIOSEN Reactivo","Cod.Fab: M-RK098-25","NO","Kit","SI","2026-09-03T20:47:12.670423+00:00"
"264","A00289","ULTRA DENGUE NS1","SD BIOSEN Reactivo","Cod.Fab: M-RK096-25","NO","Kit","SI","2026-09-03T20:47:12.670423+00:00"
"265","A00290","ULTRA DENGUE DUO","SD BIOSEN Reactivo","Cod.Fab: M-RK095-10","NO","Kit","SI","2026-09-03T20:47:12.670423+00:00"
"266","A00291","ULTRA MALARIA P.F/P.V","SD BIOSEN Reactivo","Cod.Fab: M-RK062-25","NO","Kit","SI","2026-09-03T20:47:12.670423+00:00"
"267","A00292","Se cambia al A00242","SD BIOSEN Reactivo","Cod.Fab: M-10T310B","NO","Kit","SI","2026-09-03T20:47:12.670423+00:00"
"268","A00293","STANDARD F T4","SD BIOSEN Reactivo","Cod.Fab: M-10T410B","NO","Kit","SI","2026-09-03T20:47:12.670423+00:00"
"269","A00294","STANDARD F TSH-II","SD BIOSEN Reactivo","Cod.Fab: M-10TSH20B","NO","Kit","SI","2026-09-03T20:47:12.670423+00:00"
"270","A00295","STANDARD F HBA1C","SD BIOSEN Reactivo","Cod.Fab: M-10A1C10B","NO","Kit","SI","2026-09-03T20:47:12.670423+00:00"
"271","A00296","STANDARD F U-ALBUMIN","SD BIOSEN Reactivo","Cod.Fab: M-10UAL10B","NO","Kit","SI","2026-09-03T20:47:12.670423+00:00"
"272","A00297","STANDARD F B-HCG","SD BIOSEN Reactivo","Cod.Fab: M-10BHC10B","NO","Kit","SI","2026-09-03T20:47:12.670423+00:00"
"273","A00298","STANDARD F D-DIMER","SD BIOSEN Reactivo","Cod.Fab: 10DDI10B","NO","Kit","SI","2026-09-03T20:47:12.670423+00:00"
"274","A00299","STANDARD F FT4","SD BIOSEN Reactivo","Cod.Fab: M-10FT410B","NO","Kit","SI","2026-09-03T20:47:12.670423+00:00"
"275","A00300","ULTRA HIV","SD BIOSEN Reactivo","Cod.Fab: M-RK066-25","NO","Kit","SI","2026-09-03T20:47:12.670423+00:00"
"276","A00301","ULTRA HIV/SYPHILIS COMBO","SD BIOSEN Reactivo","Cod.Fab: M-RK067-25","NO","Kit","SI","2026-09-03T20:47:12.670423+00:00"
"277","A00302","ULTRA HIV","SD BIOSEN Reactivo","Cod.Fab: RK066-25","NO","Kit","SI","2026-09-03T20:47:13.021904+00:00"
"278","A00303","ULTRA HIV/SYPHILIS COMBO","SD BIOSEN Reactivo","Cod.Fab: RK067-25","NO","Kit","SI","2026-09-03T20:47:13.021904+00:00"
"279","A00304","ULTRA SYPHILIS AB","SD BIOSEN Reactivo","Cod.Fab: RK098-25","NO","Kit","SI","2026-09-03T20:47:13.021904+00:00"
"280","A00305","ULTRA DENGUE NS1","SD BIOSEN Reactivo","Cod.Fab: RK096-25","NO","Kit","SI","2026-09-03T20:47:13.021904+00:00"
"281","A00306","ULTRA DENGUE DUO","SD BIOSEN Reactivo","Cod.Fab: RK095-10","NO","Kit","SI","2026-09-03T20:47:13.021904+00:00"
"282","A00307","ULTRA MALARIA P.F/P.V","SD BIOSEN Reactivo","Cod.Fab: RK062-25","NO","Kit","SI","2026-09-03T20:47:13.021904+00:00"
"283","A00308","LOW POWER BOARD WITHOUT ELECTROVALVES","OTRA Equipo","","SI","Kit","SI","2026-09-03T20:47:13.021904+00:00"
"284","A00309","CHORUS ANNUAL MAINTENANCE KIT REV. 1","OTRA Equipo","","SI","Kit","SI","2026-09-03T20:47:13.021904+00:00"
"285","A00310","PIPE PVC LEE TUVA623 LENGTH 1 M","OTRA Equipo","","SI","Kit","SI","2026-09-03T20:47:13.021904+00:00"
"286","A00311","LED BOARD FOR OPTICAL GUIDES","OTRA Equipo","","SI","Kit","SI","2026-09-03T20:47:13.021904+00:00"
"287","A00312","CHORUS EXPANDER POWER SUPPLY ASSY","OTRA Equipo","","SI","Kit","SI","2026-09-03T20:47:13.021904+00:00"
"288","A00313","DISPENSER ASSY","OTRA Equipo","","SI","Kit","SI","2026-09-03T20:47:13.021904+00:00"
"289","A00314","WASHING NEEDLE ASSAY","OTRA Equipo","","SI","Kit","SI","2026-09-03T20:47:13.021904+00:00"
"290","A00315","WASHING NEEDLE (DOUBLE)","OTRA Equipo","","SI","Kit","SI","2026-09-03T20:47:13.021904+00:00"
"291","A00316","PHOTOEL. SENSOR BOARD ASSEM.NEW CHORUS","OTRA Equipo","","SI","Kit","SI","2026-09-03T20:47:13.021904+00:00"
"292","A00317","NEW CHORUS SYNCHRONIZER ASS´Y","OTRA Equipo","","SI","Kit","SI","2026-09-03T20:47:13.021904+00:00"
"293","A00318","CAB567 SINCRO MOTOR","OTRA Equipo","","SI","Kit","SI","2026-09-03T20:47:13.021904+00:00"
"294","A00319","MICROSYRINGES COD. 2605813 250UL","OTRA Equipo","","SI","Kit","SI","2026-09-03T20:47:13.021904+00:00"
"295","A00320","GASKET OR 2015","OTRA Equipo","","SI","Kit","SI","2026-09-03T20:47:13.021904+00:00"
"296","A00321","250 UL SYRINGE TEFLON","OTRA Equipo","","SI","Kit","SI","2026-09-03T20:47:13.021904+00:00"
"297","A00322","CHORUS 2010 CPU BOARD DRIVERS BOARD","OTRA Equipo","","SI","Kit","SI","2026-09-03T20:47:13.021904+00:00"
"298","A00323","MOT.DRIVER BOARD CHORUS 2010 R.1","OTRA Equipo","","SI","Kit","SI","2026-09-03T20:47:13.021904+00:00"
"299","A00324","RESISTANCE HEATER ASSY CCSAUS","OTRA Equipo","","SI","Kit","SI","2026-09-03T20:47:13.021904+00:00"
"300","A00325","LED LAMP ASS´Y","OTRA Equipo","","SI","Kit","SI","2026-09-03T20:47:13.021904+00:00"
"301","A00326","CONN. VALUE PLASTICS A T210-6","OTRA Equipo","","SI","Kit","SI","2026-09-03T20:47:13.021904+00:00"
"302","A00327","CONN. VALUE PLASTICS Y220-6 PIPE 2.25","OTRA Equipo","","SI","Kit","SI","2026-09-03T20:47:13.021904+00:00"
"303","A00328","CONN. VALUE PLASTICS A Y210-6","OTRA Equipo","","SI","Kit","SI","2026-09-03T20:47:13.021904+00:00"
"304","A00329","LIQUID RECOVERY ASSY FOR WASHERS","OTRA Equipo","","SI","Kit","SI","2026-09-03T20:47:13.021904+00:00"
"305","A00330","PLASTIC TANK FROM 1 LT","OTRA Equipo","","SI","Kit","SI","2026-09-03T20:47:13.021904+00:00"
"306","A00331","PLASTIC TANK FROM 1 LT","OTRA Equipo","","SI","Kit","SI","2026-09-03T20:47:13.021904+00:00"
"307","A00332","PLASTIC TANK FROM 1 LT","OTRA Equipo","","SI","Kit","SI","2026-09-03T20:47:13.021904+00:00"
"308","A00333","CLEANING SOLUTIONS 2 L TANK","OTRA Equipo","","SI","Kit","SI","2026-09-03T20:47:13.021904+00:00"
"309","A00334","CHORUS BAR-CODE READER ASS´Y","OTRA Equipo","","SI","Kit","SI","2026-09-03T20:47:13.021904+00:00"
"310","A00335","GONORRHEA RAPID TEST CASSETTE","ALLTEST Reactivo","Cod.Fab: IGO-502","NO","Kit","SI","2026-09-03T20:47:13.021904+00:00"
"311","A00336","INFLUENZA A&B + H1N1 COMBO RAPID TEST CASSETTE (SWAB)10T/KIT","ALLTEST Reactivo","Cod.Fab: IINA‐525","NO","Kit","SI","2026-09-03T20:47:13.021904+00:00"
"312","A00337","TUBERCULOSIS (TB) RAPID TESTCASSETTE (WB/S/P)‐40T/KIT","ALLTEST Reactivo","Cod.Fab: ITB‐402Eliminar","NO","Kit","SI","2026-09-03T20:47:13.021904+00:00"
"313","A00338","MICRO-ALBUMIN SEMI-QUANTITATIVE RAPID TEST CASSETTE (URINE) 25T/KIT","ALLTEST Reactivo","Cod.Fab: OMIA‐102","NO","Kit","SI","2026-09-03T20:47:13.021904+00:00"
"314","A00339","PREGNANCY (HCG) ENHANCED SENSITIVITY RAPID TEST CASSETTE (S/P/U)-10MIU 40T/KIT","ALLTEST Reactivo","Cod.Fab: FHC-U202","NO","Kit","SI","2026-09-03T20:47:13.021904+00:00"
"315","A00340","LEPTOSPIRA IGG/IGM TESTCASSETTE(WB/S/P)40T/KIT","ALLTEST Reactivo","Cod.Fab: ILEP‐402","NO","Kit","SI","2026-09-03T20:47:13.021904+00:00"
"316","A00341","CLOSTRIDIUM DIFFICILE GDH+TOXIN A+TOXIN B COMBO RAPID TEST","ALLTEST Reactivo","Cod.Fab: ICD‐635B","NO","Kit","SI","2026-09-03T20:47:13.021904+00:00"
"317","A00342","CHAGAS RAPID TEST CASSETTE (WB/S/P)40T/KIT","ALLTEST Reactivo","Cod.Fab: ICHA‐402","NO","Kit","SI","2026-09-03T20:47:13.021904+00:00"
"318","A00343","CHLAMYDIA RAPID TEST CASSETTE(SWAB/URINE)20T/KIT","ALLTEST Reactivo","Cod.Fab: ICH‐502","NO","Kit","SI","2026-09-03T20:47:13.021904+00:00"
"319","A00344","HBSAG/HCV/HIV/SYPHILIS COMBO RAPID TEST CASSETTE(WB/S/P)25T/KIT","ALLTEST Reactivo","Cod.Fab: IMID‐445","NO","Kit","SI","2026-09-03T20:47:13.021904+00:00"
"320","A00345","CASSETTE (WHOLE BLOOD/SERUM/PLASMA/CSF)-10T/KIT","ALLTEST Reactivo","Cod.Fab: ICRG‐402","NO","Kit","SI","2026-09-03T20:47:13.021904+00:00"
"321","A00346","DENGUE IGC/IGM AND NS1 COMBO RAPID TEST CASSTTE(WB/S/P)-25T/KIT","ALLTEST Reactivo","Cod.Fab: IDEC‐425","NO","Kit","SI","2026-09-03T20:47:13.021904+00:00"
"322","A00347","MULTI-DRUG 10 DRUGS RAPID TEST PANEL l(Urine)COC100/MET300/PCP25/MOP100/OPI300/DIA300/BZO100/THC25/TCA500/ALC0.02%，25T/KIT","ALLTEST Reactivo","Cod.Fab: DOA‐1104","NO","Kit","SI","2026-09-03T20:47:13.021904+00:00"
"323","A00348","CANDIDA ALBICANS RAPID TEST(SWAB)10T/KIT","ALLTEST Reactivo","Cod.Fab: ICA‐502","NO","Kit","SI","2026-09-03T20:47:13.021904+00:00"
"324","A00349","TUBERCULOSIS (TB) RAPID TESTCASSETTE (WB/S/P)","ALLTEST Reactivo","Cod.Fab: ITB‐402","NO","Kit","SI","2026-09-03T20:47:13.021904+00:00"
"325","A00350","UPS FORZA NT NT-511","OTRA Equipo","","SI","Kit","SI","2026-09-03T20:47:13.021904+00:00"
"326","A00351","AUTO-DAT","DIESSE Equipo","Cod.Fab: 26001","SI","Kit","SI","2026-09-03T20:47:13.021904+00:00"
"327","A00352","CHORUS EVO","DIESSE Equipo","Cod.Fab: 82000","SI","Kit","SI","2026-09-03T20:47:13.390668+00:00"
"328","A00353","ARMARIO DE LAMINA DE ACERO CONTINENTAL","OTRA Equipo","","SI","Kit","SI","2026-09-03T20:47:13.390668+00:00"
"329","A00354","LOCKER NUEVE COMPARTIMIENTOS","OTRA Equipo","","SI","Kit","SI","2026-09-03T20:47:13.390668+00:00"
"330","A00355","CENTRIFUGA DE MESA MANUAL","OTRA Equipo","","SI","Kit","SI","2026-09-03T20:47:13.390668+00:00"
"331","A00356","PROYECTOR MULTIMEDIA FULL HD 300 LM","OTRA Equipo","","SI","Kit","SI","2026-09-03T20:47:13.390668+00:00"
"332","A00357","STANDARD F2400 ANALYZER","SD BIOSENSOR Equipo","Cod.Fab: 10FA24","SI","Kit","SI","2026-09-03T20:47:13.390668+00:00"
"333","A00358","UPS FX-1 500 LCD","OTRA Equipo","","SI","Kit","SI","2026-09-03T20:47:13.390668+00:00"
"334","A00359","CAMARA VERTICAL 23 PIES DOS PUERTAS DE VIDRIO GLS 700 FF","OTRA Equipo","","SI","Kit","SI","2026-09-03T20:47:13.390668+00:00"
"335","A00360","VASOS TERMICOS DE ACERO INOXIDABLE COLOR AZUL CON GRAVADO","OTRA Equipo","","SI","Kit","SI","2026-09-03T20:47:13.390668+00:00"
"336","A00361","SDB CRP CONTROL ‐ LEVEL 1; 2","SD BIOSEN Reactivo","Cod.Fab: 03CCS10","NO","Kit","SI","2026-09-03T20:47:13.390668+00:00"
"337","A00362","SARS-COV-2/INFLUENZA A+B/RSV/ADENOVIRUS/M.PNEUMONIAE ANTIGEN COMBO RAPID TEST","ALLTEST Reactivo","Cod.Fab: IRT-555","NO","Kit","SI","2026-09-03T20:47:13.390668+00:00"
"338","A00364","AIRE ACONDICIONADO INNOVAIR 18000 BTU","OTRA Equipo","","SI","Kit","SI","2026-09-03T20:47:13.390668+00:00"
"339","A00365","AIRE ACONDICIONADO INNOVAIR 24000 BTU","OTRA Equipo","","SI","Kit","SI","2026-09-03T20:47:13.390668+00:00"
"340","A00366","SILLA DE ESPERA CROMADA","OTRA Equipo","","SI","Kit","SI","2026-09-03T20:47:13.390668+00:00"
"341","A00367","IMPRESORA EPSON L4260","OTRA Equipo","","SI","Kit","SI","2026-09-03T20:47:13.390668+00:00"
"342","A00368","BUNDLE PARTYBOX 120","OTRA Equipo","","SI","Kit","SI","2026-09-03T20:47:13.390668+00:00"
"343","A00369","SET DE MICROFONOS","OTRA Equipo","","SI","Kit","SI","2026-09-03T20:47:13.390668+00:00"
"344","A00370","DEAMIDATED GLIADIN-A","DIESSE Reactivo","Cod.Fab: 86098","NO","Kit","SI","2026-09-03T20:47:13.390668+00:00"
"345","A00371","ANALYZER","EXIAS equipo","Cod.Fab: M000204","SI","Kit","SI","2026-09-03T20:47:13.390668+00:00"
"346","A00372","CARTRIDGE 300","EXIAS Reactivo","Cod.Fab: M000137","NO","Kit","SI","2026-09-03T20:47:13.390668+00:00"
"347","A00373","CARTRIDGE 300 oQC","EXIAS Reactivo","Cod.Fab: M000138","NO","Kit","SI","2026-09-03T20:47:13.390668+00:00"
"348","A00374","QC-1 QUALITY CONTROL","EXIAS Reactivo","Cod.Fab: M000293","NO","Kit","SI","2026-09-03T20:47:13.390668+00:00"
"349","A00375","QC-2 QUALITY CONTROL","EXIAS Reactivo","Cod.Fab: M000294","NO","Kit","SI","2026-09-03T20:47:13.390668+00:00"
"350","A00376","QC-3 QUALITY CONTROL","EXIAS Reactivo","Cod.Fab: M000295","NO","Kit","SI","2026-09-03T20:47:13.390668+00:00"
"351","A00377","SANITIZING SOLUTION 12X20ML","DIESSE Reactivo","Cod.Fab: 82052","NO","Kit","SI","2026-09-03T20:47:13.390668+00:00"
"352","A00378","DECONTAMINATION BUFFER 4X16ML","DIESSE Reactivo","Cod.Fab: 82050","NO","Kit","SI","2026-09-03T20:47:13.390668+00:00"
"353","A00379","CONTROL/SAMPLE 1X5 ML DILUENT","DIESSE Reactivo","Cod.Fab: 83607","NO","Kit","SI","2026-09-03T20:47:13.390668+00:00"
"354","A00380","WW-DAT ADVANCED 7X100 TESTS","DIESSE Reactivo","Cod.Fab: 26011","NO","Kit","SI","2026-09-03T20:47:13.390668+00:00"
"355","A00381","WF-DAT ADVANCED 3X60 TESTS","DIESSE Reactivo","Cod.Fab: 26021","NO","Kit","SI","2026-09-03T20:47:13.390668+00:00"
"356","A00382","RPR-DAT ADVANCED 500 TESTS","DIESSE Reactivo","Cod.Fab: 26031","NO","Kit","SI","2026-09-03T20:47:13.390668+00:00"
"357","A00383","TPHA-DAT ADVANCED 50 TESTS","DIESSE Reactivo","Cod.Fab: 26041","NO","Kit","SI","2026-09-03T20:47:13.390668+00:00"
"358","A00384","WW-DAT BRUCELLA POSITVE CONTROL 0.4  ML","DIESSE Reactivo","Cod.Fab: 26007","NO","Kit","SI","2026-09-03T20:47:13.390668+00:00"
"359","A00385","TIPS FOR CHORUS AUTOSAMPLER 10X96 PCS","DIESSE Reactivo","Cod.Fab: 83611","NO","Kit","SI","2026-09-03T20:47:13.390668+00:00"
"360","A00386","AUTO-DAT MICROPLATES WW WWF 20PC","DIESSE Reactivo","Cod.Fab: 26002","NO","Kit","SI","2026-09-03T20:47:13.390668+00:00"
"361","A00387","AUTO-DAT MICROPLATES RPR 20 PC","DIESSE Reactivo","Cod.Fab: 26006","NO","Kit","SI","2026-09-03T20:47:13.390668+00:00"
"362","A00388","CHORUS TRIO RAS","DIESSE Equipo","Cod.Fab: 81220","SI","Kit","SI","2026-09-03T20:47:13.390668+00:00"
"363","A00389","AUTODAT MICROPLATES TPHA 20PC","DIESSE Reactivo","Cod.Fab: 26004","NO","Kit","SI","2026-09-03T20:47:13.390668+00:00"
"364","A00390","CHORUS AUTOSAMPLER","DIESSE Equipo","Cod.Fab: 81210","SI","Kit","SI","2026-09-03T20:47:13.390668+00:00"
"365","A00391","TREPONEMA IGM","DIESSE Reactivo","Cod.Fab: 81051","NO","Kit","SI","2026-09-03T20:47:13.390668+00:00"
"366","A00392","CHORUS HSV 1 SCREEN","DIESSE Reactivo","Cod.Fab: 81018","NO","Kit","SI","2026-09-03T20:47:13.390668+00:00"
"367","A00393","BARCODE SCANNER 2D","EXIAS equipo","Cod.Fab: M000453","SI","Kit","SI","2026-09-03T20:47:13.390668+00:00"
"368","A00394","STANDARD F CALIBRATOR","SD BIOSEN Reactivo","Cod.Fab: 10CAL10","NO","Kit","SI","2026-09-03T20:47:13.390668+00:00"
"369","A00395","ROTAVIRUS RAPID TEST","ALLTEST Reactivo","Cod.Fab: RO-607","NO","Kit","SI","2026-09-03T20:47:13.390668+00:00"
"370","A00396","URINALYSIS REAGENT STRIPS","ALLTEST Reactivo","Cod.Fab: U031-10","NO","Kit","SI","2026-09-03T20:47:13.390668+00:00"
"371","A00397","RUBELLA IgG/IgM COMBO RAPID TEST","ALLTEST Reactivo","Cod.Fab: IRGM-425","NO","Kit","SI","2026-09-03T20:47:13.390668+00:00"
"372","A00398","FOB (FECES OCCULT BLOOD) RAPID TEST","ALLTEST Reactivo","Cod.Fab: TFO-602","NO","Kit","SI","2026-09-03T20:47:13.390668+00:00"
"373","A00399","DENGUE/ZIKA/CHIKUNGUNYA COMBO","ALLTEST Reactivo","Cod.Fab: IDZC-445","NO","Kit","SI","2026-09-03T20:47:13.390668+00:00"
"374","A00400","MONKEYPOX VIRUS ANTIGEN RAPID TEST","ALLTEST Reactivo","Cod.Fab: IMXG-402","NO","Kit","SI","2026-09-03T20:47:13.390668+00:00"
"375","A00401","CHORUS CAT DANDER","DIESSE Reactivo","Cod.Fab: 88000-E1","NO","Kit","SI","2026-09-03T20:47:13.390668+00:00"
"376","A00402","CHORUS DOG DANDER","DIESSE Reactivo","Cod.Fab: 88000-E5","NO","Kit","SI","2026-09-03T20:47:13.390668+00:00"
"377","A00403","CHORUS BERMUDA GRASS","DIESSE Reactivo","Cod.Fab: 88000-G2","NO","Kit","SI","2026-09-03T20:47:13.763487+00:00"
"378","A00404","CHORUS RYE-GRASS","DIESSE Reactivo","Cod.Fab: 88000-G5","NO","Kit","SI","2026-09-03T20:47:13.763487+00:00"
"379","A00405","CHORUS TIMOTHY GRASS","DIESSE Reactivo","Cod.Fab: 88000-G6","NO","Kit","SI","2026-09-03T20:47:13.763487+00:00"
"380","A00406","CHORUS MEADOW GRASS","DIESSE Reactivo","Cod.Fab: 88000-G8","NO","Kit","SI","2026-09-03T20:47:13.763487+00:00"
"381","A00407","CHORUS DERMATOPHAGOIDE PTERONYSSINUS","DIESSE Reactivo","Cod.Fab: 88000-D1","NO","Kit","SI","2026-09-03T20:47:13.763487+00:00"
"382","A00408","CHORUS ALTERNARIA ALTERNATA","DIESSE Reactivo","Cod.Fab: 88000-M6","NO","Kit","SI","2026-09-03T20:47:13.763487+00:00"
"383","A00409","CHORUS OLEA EUROPEA","DIESSE Reactivo","Cod.Fab: 88000-T9","NO","Kit","SI","2026-09-03T20:47:13.763487+00:00"
"384","A00410","CHORUS EPSTEIN-BARR EARLY ANTIGEN IGG","DIESSE Reactivo","Cod.Fab: 81058","NO","Kit","SI","2026-09-03T20:47:13.763487+00:00"
"385","A00411","CHORUS EPSTEIN-BARR EARLY ANTIGEN IGM","DIESSE Reactivo","Cod.Fab: 81059","NO","Kit","SI","2026-09-03T20:47:13.763487+00:00"
"386","A00412","CHORUS CLOSTRIDIUM DIFFICILE A/B","DIESSE Reactivo","Cod.Fab: 81170","NO","Kit","SI","2026-09-03T20:47:13.763487+00:00"
"387","A00413","CHORUS ASPERGILLUS GALACTOMANNAN AG","DIESSE Reactivo","Cod.Fab: 81178","NO","Kit","SI","2026-09-03T20:47:13.763487+00:00"
"388","A00414","CHORUS CHLAMYDIA TRACHOMATIS IGG","DIESSE Reactivo","Cod.Fab: 81261","NO","Kit","SI","2026-09-03T20:47:13.763487+00:00"
"389","A00415","CHORUS SS-A","DIESSE Reactivo","Cod.Fab: 86018","NO","Kit","SI","2026-09-03T20:47:13.763487+00:00"
"390","A00416","CHORUS BETA 2-GLYCOPROTEIN-G","DIESSE Reactivo","Cod.Fab: 86050","NO","Kit","SI","2026-09-03T20:47:13.763487+00:00"
"391","A00417","CHORUS BETA 2-GLYCOPROTEIN-M","DIESSE Reactivo","Cod.Fab: 86052","NO","Kit","SI","2026-09-03T20:47:13.763487+00:00"
"392","A00418","CHORUS PHOSPHOLIPID SCREEN-G","DIESSE Reactivo","Cod.Fab: 86106","NO","Kit","SI","2026-09-03T20:47:13.763487+00:00"
"393","A00419","CHORUS PHOSPHOLIPID SCREEN-M","DIESSE Reactivo","Cod.Fab: 86108","NO","Kit","SI","2026-09-03T20:47:13.763487+00:00"
"394","A00420","CHORUS PRL","DIESSE Reactivo","Cod.Fab: 86514","NO","Kit","SI","2026-09-03T20:47:13.763487+00:00"
"395","A00421","CHORUS TSH","DIESSE Reactivo","Cod.Fab: 86516","NO","Kit","SI","2026-09-03T20:47:13.763487+00:00"
"396","A00422","CHORUS FT3","DIESSE Reactivo","Cod.Fab: 86518","NO","Kit","SI","2026-09-03T20:47:13.763487+00:00"
"397","A00423","CHORUS FT4","DIESSE Reactivo","Cod.Fab: 86520","NO","Kit","SI","2026-09-03T20:47:13.763487+00:00"
"398","A00424","CHORUS PSA","DIESSE Reactivo","Cod.Fab: 86550","NO","Kit","SI","2026-09-03T20:47:13.763487+00:00"
"399","A00425","CHORUS TOTAL IGE","DIESSE Reactivo","Cod.Fab: 88000","NO","Kit","SI","2026-09-03T20:47:13.763487+00:00"
"400","A00426","PAPEL BOND TAMAÑO CARTA","OTRA Equipo","","SI","Kit","SI","2026-09-03T20:47:13.763487+00:00"
"401","A00427","PAPEL TERMICO DE IMPRESION UROMETER","OTRA Equipo","","SI","Kit","SI","2026-09-03T20:47:13.763487+00:00"
"402","A00428","PAPEL TERMICO DE IMPRESOR MEDIANO","OTRA Equipo","","SI","Kit","SI","2026-09-03T20:47:13.763487+00:00"
"403","A00429","PAPEL TERMICO DE IMPRESOR CHORUS","OTRA Equipo","","SI","Kit","SI","2026-09-03T20:47:13.763487+00:00"
"404","A00430","PAPEL TERMICO DE IMPRESOR GEM","OTRA Equipo","","SI","Kit","SI","2026-09-03T20:47:13.763487+00:00"
"405","A00431","VIÑETA PARA CODIGO DE BARRA","OTRA Equipo","","SI","Kit","SI","2026-09-03T20:47:13.763487+00:00"
"406","A00432","VIÑETA PARA VIÑETERA - ROBIN","OTRA Equipo","","SI","Kit","SI","2026-09-03T20:47:13.763487+00:00"
"407","10381685","IMMULITE 2000 T4 TOTAL - SIEMENS","SIEMENS","Cod.Fab: 10381685","NO","Kit","SI","2026-09-03T20:47:13.763487+00:00"
"408","10381678","IMMULITE 2000 T4 LIBRE - SIEMENS","SIEMENS","Cod.Fab: 10381678","NO","Kit","SI","2026-09-03T20:47:13.763487+00:00"
"409","10380988","IMMULITE CA 19-9","SIEMENS","Cod.Fab: 10380988","NO","Kit","SI","2026-09-03T20:47:13.763487+00:00"
"410","10380986","IMMULITE PSA TOTAL","SIEMENS","Cod.Fab: 10380986","NO","Kit","SI","2026-09-03T20:47:13.763487+00:00"
"411","10736514","EUROTROL EPOC CALIBRATION VERIFICATION FLUIDS","SIEMENS","Cod.Fab: 10736514","NO","Kit","SI","2026-09-03T20:47:13.763487+00:00"
"412","10736513","EUROTROL EPOC GAS-ISE METABOLITES-LEVEL 6","SIEMENS","Cod.Fab: 10736513","NO","Kit","SI","2026-09-03T20:47:13.763487+00:00"
"413","10381036","IMMULITE 2000 NT-proBNP (200 pruebas)","SIEMENS","Cod.Fab: 10381036","NO","Kit","SI","2026-09-03T20:47:13.763487+00:00"
"414","10387066","INSULIN SAMPLE DILUENT","SIEMENS","Cod.Fab: 10387066","NO","Kit","SI","2026-09-03T20:47:13.763487+00:00"
"415","10381455","Immulite 2000 Insulin (200 pruebas)","SIEMENS","Cod.Fab: 10381455","NO","Kit","SI","2026-09-03T20:47:13.763487+00:00"
"416","10387063","Estradiol Sample Diluent","SIEMENS","Cod.Fab: 10387063","NO","Kit","SI","2026-09-03T20:47:13.763487+00:00"
"417","10381178","Immulite 2000 Estradiol (200 pruebas)","SIEMENS","Cod.Fab: 10381178","NO","Kit","SI","2026-09-03T20:47:13.763487+00:00"
"418","10387069","Prolactin Sample Diluent","SIEMENS","Cod.Fab: 10387069","NO","Kit","SI","2026-09-03T20:47:13.763487+00:00"
"419","10381200","Immulite 2000 Prolactin (200 pruebas)","SIEMENS","Cod.Fab: 10381200","NO","Kit","SI","2026-09-03T20:47:13.763487+00:00"
"420","10385316","Tri-level CRP Control Module","SIEMENS","Cod.Fab: 10385316","NO","Kit","SI","2026-09-03T20:47:13.763487+00:00"
"421","10381043","Immulite 2000 High Sensitivity CRP","SIEMENS","Cod.Fab: 10381043","NO","Kit","SI","2026-09-03T20:47:13.763487+00:00"
"422","10381187","IMMULITE 2000 AFP (ALFAFETOPROTEÍNA)","SIEMENS","Cod.Fab: 10381187","NO","Kit","SI","2026-09-03T20:47:13.763487+00:00"
"423","10387068","IMMULITE 2000 C-PEPTIDE SAMPLE DILUENT","SIEMENS","Cod.Fab: 10387068","NO","Kit","SI","2026-09-03T20:47:13.763487+00:00"
"424","10381450","IMMULITE 2000 C-PEPTIDE","SIEMENS","Cod.Fab: 10381450","NO","Kit","SI","2026-09-03T20:47:13.763487+00:00"
"425","10373214","Analizador automático de inmunoensayo - IMMULITE 2000 XPi System","SIEMENS","Cod.Fab: 10373214","NO","Kit","SI","2026-09-03T20:47:13.763487+00:00"
"426","10736512","Eurotrol epoc GAS-ISE Metabolites - Level 3","SIEMENS","Cod.Fab: 10736512","NO","Kit","SI","2026-09-03T20:47:13.763487+00:00"
"427","10736511","Eurotrol epoc GAS-ISE Metabolites - Level 2","SIEMENS","Cod.Fab: 10736511","NO","Kit","SI","2026-09-03T20:47:14.134985+00:00"
"428","10736510","Eurotrol epoc GAS-ISE Metabolites - Level 1","SIEMENS","Cod.Fab: 10736510","NO","Kit","SI","2026-09-03T20:47:14.134985+00:00"
"429","10736380","EPOC CAPILLARY TUBE, CARE-FILL [50 PK]","SIEMENS","Cod.Fab: 10736380","NO","Kit","SI","2026-09-03T20:47:14.134985+00:00"
"430","10736515","EPOC BGEM BUN TEST CARD [25 PK]","SIEMENS","Cod.Fab: 10736515","NO","Kit","SI","2026-09-03T20:47:14.134985+00:00"
"431","10736387","EPOC BLOOD ANALYSIS HOST","SIEMENS","Cod.Fab: 10736387","NO","Kit","SI","2026-09-03T20:47:14.134985+00:00"
"432","10736398","EPOC BLOOD ANALYSIS READER","SIEMENS","Cod.Fab: 10736398","NO","Kit","SI","2026-09-03T20:47:14.134985+00:00"
"433","10736358","EUROTROL EPOC HEMATOCRIT VERIFICATION FLUIDS","SIEMENS","Cod.Fab: 10736358","NO","Kit","SI","2026-09-03T20:47:14.134985+00:00"
"434","10736360","EUROTROL HCT CONTROL LEVEL C","SIEMENS","Cod.Fab: 10736360","NO","Kit","SI","2026-09-03T20:47:14.134985+00:00"
"435","10736361","EUROTROL HCT CONTROL LEVEL B","SIEMENS","Cod.Fab: 10736361","NO","Kit","SI","2026-09-03T20:47:14.134985+00:00"
"436","10736359","EUROTROL HCT CONTROL LEVEL A","SIEMENS","Cod.Fab: 10736359","NO","Kit","SI","2026-09-03T20:47:14.134985+00:00"
"437","11315459","Atellica HEMA Slidemaker Stainer  Máquina de portaobjetos y teñidor automatizado","SIEMENS","Cod.Fab: 11315459","NO","Kit","SI","2026-09-03T20:47:14.134985+00:00"
"438","11374318","ATELLICA HEMA RETIC CONTROL (ATELLICA HEMA RETIC CONTROL H)","SIEMENS","Cod.Fab: 11374318","NO","Kit","SI","2026-09-03T20:47:14.134985+00:00"
"439","11374317","ATELLICA HEMA RETIC CONTROL (ATELLICA HEMA RETIC CONTROL N)","SIEMENS","Cod.Fab: 11374317","NO","Kit","SI","2026-09-03T20:47:14.134985+00:00"
"440","11374316","ATELLICA HEMA RETIC CONTROL (ATELLICA HEMA RETIC CONTROL L)","SIEMENS","Cod.Fab: 11374316","NO","Kit","SI","2026-09-03T20:47:14.134985+00:00"
"441","11374304","ATELLICA HEMA DILUENT (10 L","SIEMENS","Cod.Fab: 11374304","NO","Kit","SI","2026-09-03T20:47:14.134985+00:00"
"442","11374303","ATELLICA HEMA DILUENT (20 L)","SIEMENS","Cod.Fab: 11374303","NO","Kit","SI","2026-09-03T20:47:14.134985+00:00"
"443","11374308","ATELLICA HEMA CLEANING SOLUTIONS-SIEMENS","SIEMENS","Cod.Fab: 11374308","NO","Kit","SI","2026-09-03T20:47:14.134985+00:00"
"444","11374307","ATELLICA HEMA HGB - SIEMENS","SIEMENS","Cod.Fab: 11374307","NO","Kit","SI","2026-09-03T20:47:14.134985+00:00"
"445","11374312","ATELLICA HEMA CALIBRATOR-SIEMENS","SIEMENS","Cod.Fab: 11374312","NO","Kit","SI","2026-09-03T20:47:14.134985+00:00"
"446","10329097","Cartucho de desecho/lavado RAPIDPoint 400/405/500","SIEMENS","Cod.Fab: 10329097","NO","Kit","SI","2026-09-03T20:47:14.134985+00:00"
"447","10491449","Cartucho de Medida RP500 LAC 750 pruebas","SIEMENS","Cod.Fab: 10491449","NO","Kit","SI","2026-09-03T20:47:14.134985+00:00"
"448","10491448","Cartucho de Medida RP500 LAC 400 pruebas","SIEMENS","Cod.Fab: 10491448","NO","Kit","SI","2026-09-03T20:47:14.134985+00:00"
"449","10491447","Cartucho de Medida RP500 LAC 250 pruebas","SIEMENS","Cod.Fab: 10491447","NO","Kit","SI","2026-09-03T20:47:14.134985+00:00"
"450","10844813","Cartucho de Medida RP500 LAC 100","SIEMENS","Cod.Fab: 10844813","NO","Kit","SI","2026-09-03T20:47:14.134985+00:00"
"451","10310323","Cartucho Automatic QC","SIEMENS","Cod.Fab: 10310323","NO","Kit","SI","2026-09-03T20:47:14.134985+00:00"
"452","10316535","CVM (Material de Verificación de la Calibración)","SIEMENS","Cod.Fab: 10316535","NO","Kit","SI","2026-09-03T20:47:14.134985+00:00"
"453","10309927","RAPID QC LEVEL 3","SIEMENS","Cod.Fab: 10309927","NO","Kit","SI","2026-09-03T20:47:14.134985+00:00"
"454","10309926","RAPID QC LEVEL 2","SIEMENS","Cod.Fab: 10309926","NO","Kit","SI","2026-09-03T20:47:14.134985+00:00"
"455","10309925","RAPID QC LEVEL 1","SIEMENS","Cod.Fab: 10309925","NO","Kit","SI","2026-09-03T20:47:14.134985+00:00"
"456","11416755","RAPIDPoint 500e Blood Gas System","SIEMENS","Cod.Fab: 11416755","NO","Kit","SI","2026-09-03T20:47:14.134985+00:00"
"457","11374310","ATELLICA HEMA DIFF","SIEMENS","Cod.Fab: 11374310","NO","Kit","SI","2026-09-03T20:47:14.134985+00:00"
"458","11374309","ATELLICA HEMA RET/PLTO","SIEMENS","Cod.Fab: 11374309","NO","Kit","SI","2026-09-03T20:47:14.134985+00:00"
"459","11374315","ATELLICA HEMA CONTROL (ATELLICA HEMA CONTROL H)","SIEMENS","Cod.Fab: 11374315","NO","Kit","SI","2026-09-03T20:47:14.134985+00:00"
"460","11374314","ATELLICA HEMA CONTROL (ATELLICA HEMA CONTROL N)","SIEMENS","Cod.Fab: 11374314","NO","Kit","SI","2026-09-03T20:47:14.134985+00:00"
"461","11374313","ATELLICA HEMA CONTROL (ATELLICA HEMA CONTROL L)","SIEMENS","Cod.Fab: 11374313","NO","Kit","SI","2026-09-03T20:47:14.134985+00:00"
"462","11374320","ATELLICA HEMA CONTROL BODY FLUID BF (ATELLICA HEMA BODY FLUID CONTROL H)","SIEMENS","Cod.Fab: 11374320","NO","Kit","SI","2026-09-03T20:47:14.134985+00:00"
"463","11374319","ATELLICA HEMA CONTROL BODY FLUID BF (ATELLICA HEMA BODY FLUID CONTROL N)","SIEMENS","Cod.Fab: 11374319","NO","Kit","SI","2026-09-03T20:47:14.134985+00:00"
"464","11315457","Atellica HEMA 580 (SMS ready)","SIEMENS","Cod.Fab: 11315457","NO","Kit","SI","2026-09-03T20:47:14.134985+00:00"
"465","11315455","Atellica HEMA 580","SIEMENS","Cod.Fab: 11315455","NO","Kit","SI","2026-09-03T20:47:14.134985+00:00"
"466","11315453","Atellica HEMA 570 (SMS ready)","SIEMENS","Cod.Fab: 11315453","NO","Kit","SI","2026-09-03T20:47:14.134985+00:00"
"467","11315451","Atellica HEMA 570","SIEMENS","Cod.Fab: 11315451","NO","Kit","SI","2026-09-03T20:47:14.134985+00:00"
"468","RK065-25","HCV Ab-ULTRA","SD BIOSEN Reactivo","Cod.Fab: RK065-25","NO","Kit","SI","2026-09-03T20:47:14.134985+00:00"
"469","RK064-25","HBsAg-ULTRA","SD BIOSEN Reactivo","Cod.Fab: RK064-25","NO","Kit","SI","2026-09-03T20:47:14.134985+00:00"
"470","RK051-25","MALARIA P f Ag-ULTRA","SD BIOSEN Reactivo","Cod.Fab: RK051-25","NO","Kit","SI","2026-09-03T20:47:14.134985+00:00"
"471","RK081-25","COVID-19 Ag-ULTRA","SD BIOSEN Reactivo","Cod.Fab: RK081-25","NO","Kit","SI","2026-09-03T20:47:14.134985+00:00"
"472","RK063-25","MALARIA P f/Pan Ag-ULTRA","SD BIOSEN Reactivo","Cod.Fab: RK063-25","NO","Kit","SI","2026-09-03T20:47:14.134985+00:00"
"473","RK144-25","CHIKUNGUNYA IgM/IgG-ULTRA","SD BIOSEN Reactivo","Cod.Fab: RK144-25","NO","Kit","SI","2026-09-03T20:47:14.134985+00:00"
"474","RK097-25","ULTRA DENGUE IgM/IgG","SD BIOSEN Reactivo","Cod.Fab: RK097-25","NO","Kit","SI","2026-09-03T20:47:14.134985+00:00"
"475","C-NCOV-010","STANDARD™ COVID-19 IgM/IgG Control","SD BIOSEN Reactivo","Cod.Fab: C-NCOV-010","NO","Kit","SI","2026-09-03T20:47:14.134985+00:00"
"476","C-NCOV-016","STANDARD™ COVID-19 Ag Control","SD BIOSEN Reactivo","Cod.Fab: C-NCOV-016","NO","Kit","SI","2026-09-03T20:47:14.134985+00:00"
"477","10HPYC10","STANDARD H  PYLORI Ag CONTROL","SD BIOSEN Reactivo","Cod.Fab: 10HPYC10","NO","Kit","SI","2026-09-03T20:47:14.508092+00:00"
"478","C-NRV-01","STANDARD™ Norovirus Ag Control","SD BIOSEN Reactivo","Cod.Fab: C-NRV-01","NO","Kit","SI","2026-09-03T20:47:14.508092+00:00"
"479","C-ARS01G","STANDARD™ Adeno Ag Control","SD BIOSEN Reactivo","Cod.Fab: C-ARS01G","NO","Kit","SI","2026-09-03T20:47:14.508092+00:00"
"480","C-F-VID","STANDARD™ F Vitamin D Control","SD BIOSEN Reactivo","Cod.Fab: C-F-VID","NO","Kit","SI","2026-09-03T20:47:14.508092+00:00"
"481","C-HBS-01","STANDARD™ HBsAg Control","SD BIOSEN Reactivo","Cod.Fab: C-HBS-01","NO","Kit","SI","2026-09-03T20:47:14.508092+00:00"
"482","C-F-HIVC-01","STANDARD™ F HIV Ag/Ab Control","SD BIOSEN Reactivo","Cod.Fab: C-F-HIVC-01","NO","Kit","SI","2026-09-03T20:47:14.508092+00:00"
"483","C-HVC-01","STANDARD™ HCV Ab Control","SD BIOSEN Reactivo","Cod.Fab: C-HVC-01","NO","Kit","SI","2026-09-03T20:47:14.508092+00:00"
"484","C-DEN01B","STANDARD™ Dengue IgM/IgG Control","SD BIOSEN Reactivo","Cod.Fab: C-DEN01B","NO","Kit","SI","2026-09-03T20:47:14.508092+00:00"
"485","10DENC10","STANDARD DENGUE NS1 Ag CONTROL","SD BIOSEN Reactivo","Cod.Fab: 10DENC10","NO","Kit","SI","2026-09-03T20:47:14.508092+00:00"
"486","C-ZKA01G","STANDARD™ Zika Ag Control","SD BIOSEN Reactivo","Cod.Fab: C-ZKA01G","NO","Kit","SI","2026-09-03T20:47:14.508092+00:00"
"487","C-F-LH","STANDARD™ F LH Control","SD BIOSEN Reactivo","Cod.Fab: C-F-LH","NO","Kit","SI","2026-09-03T20:47:14.508092+00:00"
"488","C-F-HCG","STANDARD™ F β-hCG Control","SD BIOSEN Reactivo","Cod.Fab: C-F-HCG","NO","Kit","SI","2026-09-03T20:47:14.508092+00:00"
"489","C-F-TSH","STANDARD™ F TSH Control","SD BIOSEN Reactivo","Cod.Fab: C-F-TSH","NO","Kit","SI","2026-09-03T20:47:14.508092+00:00"
"490","C-F-NTP-01","STANDARD™ F NT-proBNP Control","SD BIOSEN Reactivo","Cod.Fab: C-F-NTP-01","NO","Kit","SI","2026-09-03T20:47:14.508092+00:00"
"491","10DDIC10","STANDARD™ F D-dimer Control","SD BIOSEN Reactivo","Cod.Fab: 10DDIC10","NO","Kit","SI","2026-09-03T20:47:14.508092+00:00"
"492","C-F-TNI","STANDARD™ F TnI Control","SD BIOSEN Reactivo","Cod.Fab: C-F-TNI","NO","Kit","SI","2026-09-03T20:47:14.508092+00:00"
"493","C-SRA01G","STANDARD™ Strep A Ag Control","SD BIOSEN Reactivo","Cod.Fab: C-SRA01G","NO","Kit","SI","2026-09-03T20:47:14.508092+00:00"
"494","C-LEG01G","STANDARD™ Legionella Ag Control","SD BIOSEN Reactivo","Cod.Fab: C-LEG01G","NO","Kit","SI","2026-09-03T20:47:14.508092+00:00"
"495","C-INFO1G","STANDARD™ Influenza A/B Control","SD BIOSEN Reactivo","Cod.Fab: C-INFO1G","NO","Kit","SI","2026-09-03T20:47:14.508092+00:00"
"496","C-RSV01G","STANDARD™ RSV Ag Control","SD BIOSEN Reactivo","Cod.Fab: C-RSV01G","NO","Kit","SI","2026-09-03T20:47:14.508092+00:00"
"497","C-F-PCT2","STANDARD™ F PCT-02 Control","SD BIOSEN Reactivo","Cod.Fab: C-F-PCT2","NO","Kit","SI","2026-09-03T20:47:14.508092+00:00"
"498","10UALC10","STANDARD F U-ALBUMIN CONTROL","SD BIOSEN Reactivo","Cod.Fab: 10UALC10","NO","Kit","SI","2026-09-03T20:47:14.508092+00:00"
"499","03ACS10","SDB HbA1c Control","SD BIOSEN Reactivo","Cod.Fab: 03ACS10","NO","Kit","SI","2026-09-03T20:47:14.508092+00:00"
"500","10ADEC10","STANDARD™ Adeno Respi Ag Control","SD BIOSEN Reactivo","Cod.Fab: 10ADEC10","NO","Kit","SI","2026-09-03T20:47:14.508092+00:00"
"501","10ROT10D","STANDARD D ROTA/ADENO AG FIA","SD BIOSEN Reactivo","Cod.Fab: 10ROT10D","NO","Kit","SI","2026-09-03T20:47:14.508092+00:00"
"502","10RSV10D","STANDARD D ROTA/ADENO AG FIA","SD BIOSEN Reactivo","Cod.Fab: 10RSV10D","NO","Kit","SI","2026-09-03T20:47:14.508092+00:00"
"503","10HAV10D","STANDARD F HAV IGM FIA","SD BIOSEN Reactivo","Cod.Fab: 10HAV10D","NO","Kit","SI","2026-09-03T20:47:14.508092+00:00"
"504","10T3C10","STANDARD F T3 CONTROL","SD BIOSEN Reactivo","Cod.Fab: 10T3C10","NO","Kit","SI","2026-09-03T20:47:14.508092+00:00"
"505","10TBF10E","STANDARD F TB FERON FIA","SD BIOSEN Reactivo","Cod.Fab: 10TBF10E","NO","Kit","SI","2026-09-03T20:47:14.508092+00:00"
"506","10CDT10D","STANDARD FC DIFFICILE TOXIN A/B FIA","SD BIOSEN Reactivo","Cod.Fab: 10CDT10D","NO","Kit","SI","2026-09-03T20:47:14.508092+00:00"
"507","FSH FIA","FSH FIA","SD BIOSEN Reactivo","Cod.Fab: FSH FIA","NO","Kit","SI","2026-09-03T20:47:14.508092+00:00"
"508","02G6C10","STANDARD G6PD Control","SD BIOSEN Reactivo","Cod.Fab: 02G6C10","NO","Kit","SI","2026-09-03T20:47:14.508092+00:00"
"509","02G6S10A","STANDARD G6PD Test","SD BIOSEN Reactivo","Cod.Fab: 02G6S10A","NO","Kit","SI","2026-09-03T20:47:14.508092+00:00"
"510","02G6S10","STANDARD G6PD Test","SD BIOSEN Reactivo","Cod.Fab: 02G6S10","NO","Kit","SI","2026-09-03T20:47:14.508092+00:00"
"511","02GA10","STANDARD G6PD Analyzer","SD BIOSEN Reactivo","Cod.Fab: 02GA10","NO","Kit","SI","2026-09-03T20:47:14.508092+00:00"
"512","02LCS20","STANDARD LipidoCare Control","SD BIOSEN Reactivo","Cod.Fab: 02LCS20","NO","Kit","SI","2026-09-03T20:47:14.508092+00:00"
"513","02LS20","STANDARD LipidoCare Lipid Test Strip - TC","SD BIOSEN Reactivo","Cod.Fab: 02LS20","NO","Kit","SI","2026-09-03T20:47:14.508092+00:00"
"514","02LS10A","STANDARD LipidoCare Lipid Test Strip - Lipid Profile","SD BIOSEN Reactivo","Cod.Fab: 02LS10A","NO","Kit","SI","2026-09-03T20:47:14.508092+00:00"
"515","02LA20G","STANDARD LipidoCare Analyzer (Bluetooth)","SD BIOSEN Reactivo","Cod.Fab: 02LA20G","NO","Kit","SI","2026-09-03T20:47:14.508092+00:00"
"516","02LA10G","STANDARD LipidoCare Analyzer","SD BIOSEN Reactivo","Cod.Fab: 02LA10G","NO","Kit","SI","2026-09-03T20:47:14.508092+00:00"
"517","01GS50","STANDARD CodeFree Plus Blood Glucose Test Strip","SD BIOSEN Reactivo","Cod.Fab: 01GS50","NO","Kit","SI","2026-09-03T20:47:14.508092+00:00"
"518","01GC50","STANDARD CodeFree Plus Blood Glucose Monitoring System (Tiras reactivas × 10)","SD BIOSEN Reactivo","Cod.Fab: 01GC50","NO","Kit","SI","2026-09-03T20:47:14.508092+00:00"
"519","01GS20C","SD CHECK GOLD 2 Blood Glucose Test Strip","SD BIOSEN Reactivo","Cod.Fab: 01GS20C","NO","Kit","SI","2026-09-03T20:47:14.508092+00:00"
"520","01GC22","SD CHECK GOLD 2 Blood Glucose Monitoring System","SD BIOSEN Reactivo","Cod.Fab: 01GC22","NO","Kit","SI","2026-09-03T20:47:14.508092+00:00"
"521","01GS21","STANDARD Mentor Blood Glucose Test Strip","SD BIOSEN Reactivo","Cod.Fab: 01GS21","NO","Kit","SI","2026-09-03T20:47:14.508092+00:00"
"522","01GC212","STANDARD Mentor Blood Glucose Monitoring System","SD BIOSEN Reactivo","Cod.Fab: 01GC212","NO","Kit","SI","2026-09-03T20:47:14.508092+00:00"
"523","01GC210","STANDARD Mentor Blood Glucose Monitoring System (Tiras reactivas × 10)","SD BIOSEN Reactivo","Cod.Fab: 01GC210","NO","Kit","SI","2026-09-03T20:47:14.508092+00:00"
"524","09FIL10D","STANDARD Q FILARIASIS Ag TEST","SD BIOSEN Reactivo","Cod.Fab: 09FIL10D","NO","Kit","SI","2026-09-03T20:47:14.508092+00:00"
"525","09HPY10D","Q H  pylori Ab Test","SD BIOSEN Reactivo","Cod.Fab: 09HPY10D","NO","Kit","SI","2026-09-03T20:47:14.508092+00:00"
"526","09HBS10D","STANDARD Q HBsAg TEST","SD BIOSEN Reactivo","Cod.Fab: 09HBS10D","NO","Kit","SI","2026-09-03T20:47:14.508092+00:00"
"527","09HCV20D","Q HCV Ab Test","SD BIOSEN Reactivo","Cod.Fab: 09HCV20D","NO","Kit","SI","2026-09-03T20:47:14.866982+00:00"
"528","09HAV10D","STANDARD Q HAV IgM TEST","SD BIOSEN Reactivo","Cod.Fab: 09HAV10D","NO","Kit","SI","2026-09-03T20:47:14.866982+00:00"
"529","09HIV30D","Q HIV 1/2 Ab 3-Line Test (hisopo, lancetas, tubo capilar)","SD BIOSEN Reactivo","Cod.Fab: 09HIV30D","NO","Kit","SI","2026-09-03T20:47:14.866982+00:00"
"530","09HIV30DM","Q HIV 1/2 Ab 3-Line Test","SD BIOSEN Reactivo","Cod.Fab: 09HIV30DM","NO","Kit","SI","2026-09-03T20:47:14.866982+00:00"
"531","10SYPC10","Syphilis Ab Control Pos","SD BIOSEN Reactivo","Cod.Fab: 10SYPC10","NO","Kit","SI","2026-09-03T20:47:14.866982+00:00"
"532","09HIV20D","STANDARD Q HIV/SYPHILIS COMBO TEST","SD BIOSEN Reactivo","Cod.Fab: 09HIV20D","NO","Kit","SI","2026-09-03T20:47:14.866982+00:00"
"533","09TSU10D","Q Tsutsugamushi IgM/IgG Test","SD BIOSEN Reactivo","Cod.Fab: 09TSU10D","NO","Kit","SI","2026-09-03T20:47:14.866982+00:00"
"534","09LEP10D","STANDARD Q LEPTOSPIRA IgM/IgG TEST","SD BIOSEN Reactivo","Cod.Fab: 09LEP10D","NO","Kit","SI","2026-09-03T20:47:14.866982+00:00"
"535","09MAL20D","STANDARD Q MALARIA P f/P v Ag TEST","SD BIOSEN Reactivo","Cod.Fab: 09MAL20D","NO","Kit","SI","2026-09-03T20:47:14.866982+00:00"
"536","09ZK100A","ZIKV/DENV/CHIKV Fast Quad","SD BIOSEN Reactivo","Cod.Fab: 09ZK100A","NO","Kit","SI","2026-09-03T20:47:14.866982+00:00"
"537","09CHI20D","STANDARD Q CHIKUNGUNYA IgM/IgG TEST","SD BIOSEN Reactivo","Cod.Fab: 09CHI20D","NO","Kit","SI","2026-09-03T20:47:14.866982+00:00"
"538","09ZK40D","STANDARD Q ZIKA IgM TEST","SD BIOSEN Reactivo","Cod.Fab: 09ZK40D","NO","Kit","SI","2026-09-03T20:47:14.866982+00:00"
"539","09DEN20D","STANDARD Q DENGUE IgM/IgG TEST","SD BIOSEN Reactivo","Cod.Fab: 09DEN20D","NO","Kit","SI","2026-09-03T20:47:14.866982+00:00"
"540","09DEN10D","Q Dengue NS1 Ag Test","SD BIOSEN Reactivo","Cod.Fab: 09DEN10D","NO","Kit","SI","2026-09-03T20:47:14.866982+00:00"
"541","09DEN30A","STANDARD Q DENGUE DUO TEST","SD BIOSEN Reactivo","Cod.Fab: 09DEN30A","NO","Kit","SI","2026-09-03T20:47:14.866982+00:00"
"542","09ADE10D","Q Adeno Respi Ag","SD BIOSEN Reactivo","Cod.Fab: 09ADE10D","NO","Kit","SI","2026-09-03T20:47:14.866982+00:00"
"543","10STRC10","Strep A Ag Control","SD BIOSEN Reactivo","Cod.Fab: 10STRC10","NO","Kit","SI","2026-09-03T20:47:14.866982+00:00"
"544","09STR40D","Q Strep A Ag","SD BIOSEN Reactivo","Cod.Fab: 09STR40D","NO","Kit","SI","2026-09-03T20:47:14.866982+00:00"
"545","10RSVC10","Standard RSV Ag Control","SD BIOSEN Reactivo","Cod.Fab: 10RSVC10","NO","Kit","SI","2026-09-03T20:47:14.866982+00:00"
"546","09RSV40D","Q RSV Ag","SD BIOSEN Reactivo","Cod.Fab: 09RSV40D","NO","Kit","SI","2026-09-03T20:47:14.866982+00:00"
"547","10INFC10","Standard Influenza A/B Control","SD BIOSEN Reactivo","Cod.Fab: 10INFC10","NO","Kit","SI","2026-09-03T20:47:14.866982+00:00"
"548","09INF40D","Q Influenza A/B Test","SD BIOSEN Reactivo","Cod.Fab: 09INF40D","NO","Kit","SI","2026-09-03T20:47:14.866982+00:00"
"549","11PRT30A","M10 STI Sample Pretreatment Kit","SD BIOSEN Reactivo","Cod.Fab: 11PRT30A","NO","Kit","SI","2026-09-03T20:47:14.866982+00:00"
"550","11PRT20A","M10 Stool Pretreatment Kit","SD BIOSEN Reactivo","Cod.Fab: 11PRT20A","NO","Kit","SI","2026-09-03T20:47:14.866982+00:00"
"551","11PRT10A","M10 Sputum Pretreatment Kit","SD BIOSEN Reactivo","Cod.Fab: 11PRT10A","NO","Kit","SI","2026-09-03T20:47:14.866982+00:00"
"552","11NCO30","M SARS-CoV-2 Real-Time Detection Kit","SD BIOSEN Reactivo","Cod.Fab: 11NCO30","NO","Kit","SI","2026-09-03T20:47:14.866982+00:00"
"553","11CAL10H","M10 Calibration Kit","SD BIOSEN Reactivo","Cod.Fab: 11CAL10H","NO","Kit","SI","2026-09-03T20:47:14.866982+00:00"
"554","11MPX20A","M10 MPX/OPX","SD BIOSEN Reactivo","Cod.Fab: 11MPX20A","NO","Kit","SI","2026-09-03T20:47:14.866982+00:00"
"555","11DEN10A","STANDARD M10 DENV 1-4","SD BIOSEN Reactivo","Cod.Fab: 11DEN10A","NO","Kit","SI","2026-09-03T20:47:14.866982+00:00"
"556","11ARB10A","M10 Arbovirus Panel","SD BIOSEN Reactivo","Cod.Fab: 11ARB10A","NO","Kit","SI","2026-09-03T20:47:14.866982+00:00"
"557","11HPV10A","STANDARD M10 HPV","SD BIOSEN Reactivo","Cod.Fab: 11HPV10A","NO","Kit","SI","2026-09-03T20:47:14.866982+00:00"
"558","11CDC10A","STANDARD M10 C  DIFFICILE","SD BIOSEN Reactivo","Cod.Fab: 11CDC10A","NO","Kit","SI","2026-09-03T20:47:14.866982+00:00"
"559","11MTB20A","M10 MTB/NTM","SD BIOSEN Reactivo","Cod.Fab: 11MTB20A","NO","Kit","SI","2026-09-03T20:47:14.866982+00:00"
"560","11MTB30A","M10 MTB RIF/INH","SD BIOSEN Reactivo","Cod.Fab: 11MTB30A","NO","Kit","SI","2026-09-03T20:47:14.866982+00:00"
"561","11FLU10A","STANDARD M10 FLU/RSV/SARS-CoV-2","SD BIOSEN Reactivo","Cod.Fab: 11FLU10A","NO","Kit","SI","2026-09-03T20:47:14.866982+00:00"
"562","11COV10A","STANDARD M10 SARS-CoV-2","SD BIOSEN Reactivo","Cod.Fab: 11COV10A","NO","Kit","SI","2026-09-03T20:47:14.866982+00:00"
"563","11M1012","STANDARD M10 Module","SD BIOSEN Reactivo","Cod.Fab: 11M1012","NO","Kit","SI","2026-09-03T20:47:14.866982+00:00"
"564","11M1011","STANDARD M10 Console","SD BIOSEN Reactivo","Cod.Fab: 11M1011","NO","Kit","SI","2026-09-03T20:47:14.866982+00:00"
"565","X9001","Estándar M10 Puncher","SD BIOSEN Reactivo","Cod.Fab: X9001","NO","Kit","SI","2026-09-03T20:47:14.866982+00:00"
"566","90DR10","STANDAR Fixed volume dropper","SD BIOSEN Reactivo","Cod.Fab: 90DR10","NO","Kit","SI","2026-09-03T20:47:14.866982+00:00"
"567","RGB01","RGB BUFFER CALIBRATION KIT","SD BIOSEN Reactivo","Cod.Fab: RGB01","NO","Kit","SI","2026-09-03T20:47:14.866982+00:00"
"568","10ZK30D","STANDARD F ZIKA IgM FIA","SD BIOSEN Reactivo","Cod.Fab: 10ZK30D","NO","Kit","SI","2026-09-03T20:47:14.866982+00:00"
"569","07TBFA40","TB-FERON TUBES SPP","SD BIOSEN Reactivo","Cod.Fab: 07TBFA40","NO","Kit","SI","2026-09-03T20:47:14.866982+00:00"
"570","10ZK10D","STANDARD F ZIKA Ag FIA","SD BIOSEN Reactivo","Cod.Fab: 10ZK10D","NO","Kit","SI","2026-09-03T20:47:14.866982+00:00"
"571","10TNI10B","STANDARD™ TnI FIA","SD BIOSEN Reactivo","Cod.Fab: 10TNI10B","NO","Kit","SI","2026-09-03T20:47:14.866982+00:00"
"572","10ADE10D","STANDARD F ADENO RESPI Ag FIA","SD BIOSEN Reactivo","Cod.Fab: 10ADE10D","NO","Kit","SI","2026-09-03T20:47:14.866982+00:00"
"573","F-PSA-01","STANDARD F PSA FIA (F-PSA-01)","SD BIOSEN Reactivo","Cod.Fab: F-PSA-01","NO","Kit","SI","2026-09-03T20:47:14.866982+00:00"
"574","CM-180","ANALIZADOR DE INMUNOENSAYO DE QUIMIOLUMINISCENCIA - DIRUI","DIRUI","Cod.Fab: CM-180","NO","Kit","SI","2026-09-03T20:47:14.866982+00:00"
"575","3008510","ANALIZADOR DE ORINA FUS3000 - DIRUI","DIRUI","Cod.Fab: 3008510","NO","Kit","SI","2026-09-03T20:47:14.866982+00:00"
"576","3013732","PRUEBA PARA LA DETERMINACION DE PROLACTINA - DIRUI","DIRUI","Cod.Fab: 3013732","NO","Kit","SI","2026-09-03T20:47:14.866982+00:00"
"695","10388798","TOOL, BALLPOINT HEX KEY SET, 1","SIEMENS","Cod.Fab: 10388798","NO","Kit","SI","2026-09-03T20:47:17.468993+00:00"
"696","10291685","TOOL ALIGNMENT BEAD CAROUSEL","SIEMENS","Cod.Fab: 10291685","NO","Kit","SI","2026-09-03T20:47:17.468993+00:00"
"697","10321425","SUPER-O-LUBE","SIEMENS","Cod.Fab: 10321425","NO","Kit","SI","2026-09-03T20:47:17.468993+00:00"
"698","10388834","LUBRICANT TEFLON SUPER LUBE","SIEMENS","Cod.Fab: 10388834","NO","Kit","SI","2026-09-03T20:47:17.468993+00:00"
"699","10730367","ADHESIVE RTV 732 CLEAR","SIEMENS","Cod.Fab: 10730367","NO","Kit","SI","2026-09-03T20:47:17.468993+00:00"
"700","10291661","KIT, DRD LUBRICATION","SIEMENS","Cod.Fab: 10291661","NO","Kit","SI","2026-09-03T20:47:17.468993+00:00"
"701","10452175","LOCTITE 242 0.5MI","SIEMENS","Cod.Fab: 10452175","NO","Kit","SI","2026-09-03T20:47:17.468993+00:00"
"702","11353734","R3 - PCB Assy Power Distribution","SIEMENS","Cod.Fab: 11353734","NO","Kit","SI","2026-09-03T20:47:17.468993+00:00"
"703","11272928","R - SAMPLE LOADER WINDOW HINGE REPL","SIEMENS","Cod.Fab: 11272928","NO","Kit","SI","2026-09-03T20:47:17.468993+00:00"
"704","11154297","R -KIT REAG TMP/HM SNSR PCB RPLCMNT","SIEMENS","Cod.Fab: 11154297","NO","Kit","SI","2026-09-03T20:47:17.468993+00:00"
"705","11154233","R-KIT SATA HD REPLACEMN IMM2000/XPI","SIEMENS","Cod.Fab: 11154233","NO","Kit","SI","2026-09-03T20:47:17.468993+00:00"
"706","11154218","R - PCA SLAVE 0/1 PROCESSOR","SIEMENS","Cod.Fab: 11154218","NO","Kit","SI","2026-09-03T20:47:17.468993+00:00"
"707","11154207","R-KIT PROBE ASSEMBLY IMM2000/2500","SIEMENS","Cod.Fab: 11154207","NO","Kit","SI","2026-09-03T20:47:17.468993+00:00"
"708","11154204","R - PCA MOTOR PIPETTE DRIVER","SIEMENS","Cod.Fab: 11154204","NO","Kit","SI","2026-09-03T20:47:17.468993+00:00"
"709","10730774","R - POWER SUPPLY ATX 12V CUSTOM","SIEMENS","Cod.Fab: 10730774","NO","Kit","SI","2026-09-03T20:47:17.468993+00:00"
"710","10730771","R - SUBSTRATE HEATER ASSEMBLY","SIEMENS","Cod.Fab: 10730771","NO","Kit","SI","2026-09-03T20:47:17.468993+00:00"
"711","10730586","R - TRANSFER CHAIN ASSEMBLY","SIEMENS","Cod.Fab: 10730586","NO","Kit","SI","2026-09-03T20:47:17.468993+00:00"
"712","10386286","KIT, THERMAL ELECTRONIC DEVICE","SIEMENS","Cod.Fab: 10386286","NO","Kit","SI","2026-09-03T20:47:17.468993+00:00"
"713","10730203","R- Preventive Maintenance","SIEMENS","Cod.Fab: 10730203","NO","Kit","SI","2026-09-03T20:47:17.468993+00:00"
"714","C2601","Tubes,15ml, PP, flat screw cap 50/sterile bag","MTCBIO","Cod.Fab: C2601","NO","Kit","SI","2026-09-03T20:47:17.468993+00:00"
"715","81072","CHORUS MEASLES IgG","DIESSE Reactivo","Cod.Fab: 81072","NO","Kit","SI","2026-09-03T20:47:17.468993+00:00"
"716","81073","CHORUS MEASLES IgM","DIESSE Reactivo","Cod.Fab: 81073","NO","Kit","SI","2026-09-03T20:47:17.468993+00:00"
"717","86400","CHORUS VIT B12","DIESSE Reactivo","Cod.Fab: 86400","NO","Kit","SI","2026-09-03T20:47:17.468993+00:00"
"718","86500","CHORUS VITAMIN EXTRACTION","DIESSE Reactivo","Cod.Fab: 86500","NO","Kit","SI","2026-09-03T20:47:17.468993+00:00"
"719","81537","CHORUS Herpes simplex 1 IgG Recombinant Control Serum","DIESSE Reactivo","Cod.Fab: 81537","NO","Kit","SI","2026-09-03T20:47:17.468993+00:00"
"720","81029","CHORUS HERPES SIMPLEX 2 IgG RECOMBINANT","DIESSE Reactivo","Cod.Fab: 81029","NO","Kit","SI","2026-09-03T20:47:17.468993+00:00"
"721","81539","CHORUS HERPES SIMPLEX 2 IgG RECOMBINANT CONTROL SERUM","DIESSE Reactivo","Cod.Fab: 81539","NO","Kit","SI","2026-09-03T20:47:17.468993+00:00"
"722","81098","CHORUS TOXOPLASMA IgG AVIDITY","DIESSE Reactivo","Cod.Fab: 81098","NO","Kit","SI","2026-09-03T20:47:17.468993+00:00"
"723","R30238500","MULTI ENTRY TANK ASSY","DIESSE Reactivo","Cod.Fab: R30238500","NO","Kit","SI","2026-09-03T20:47:17.468993+00:00"
"724","85367","CHORUS LEPTOSPIRA MIX","DIESSE Reactivo","Cod.Fab: 85367","NO","Kit","SI","2026-09-03T20:47:17.468993+00:00"
"725","85251","CHORUS COXSACKIE B MIX","DIESSE Reactivo","Cod.Fab: 85251","NO","Kit","SI","2026-09-03T20:47:17.468993+00:00"
"726","85313","CHORUS COXSACKIE A MIX","DIESSE Reactivo","Cod.Fab: 85313","NO","Kit","SI","2026-09-03T20:47:17.468993+00:00"
"727","82254","CHORUS CLIA FOLATE 36 tests","DIESSE Reactivo","Cod.Fab: 82254","NO","Kit","SI","2026-09-03T20:47:17.468993+00:00"
"728","82252","CHORUS CLIA VIT B12 36 tests","DIESSE Reactivo","Cod.Fab: 82252","NO","Kit","SI","2026-09-03T20:47:17.468993+00:00"
"729","82250","CHORUS CLIA 25OH VITAMIN D TOTAL 36 test","DIESSE Reactivo","Cod.Fab: 82250","NO","Kit","SI","2026-09-03T20:47:17.468993+00:00"
"730","82258","CHORUS CLIA VITAMIN EXTRACTION","DIESSE Reactivo","Cod.Fab: 82258","NO","Kit","SI","2026-09-03T20:47:17.468993+00:00"
"731","3016402","CS-T240PLUS (QUIMICA AUTOMATIZADA)","DIRUI","Cod.Fab: 3016402","NO","Kit","SI","2026-09-03T20:47:17.468993+00:00"
"732","3015506","CM-180 INMUNOLOGÍA","DIRUI","Cod.Fab: 3015506","NO","Kit","SI","2026-09-03T20:47:17.468993+00:00"
"733","3021097","H-500 UROANÁLISIS (LECTOR)","DIRUI","Cod.Fab: 3021097","NO","Kit","SI","2026-09-03T20:47:17.468993+00:00"
"734","3000068","H-100 UROANÁLISIS (LECTOR)","DIRUI","Cod.Fab: 3000068","NO","Kit","SI","2026-09-03T20:47:17.468993+00:00"
"735","3009148","BF-FDTI Lyse","DIRUI","Cod.Fab: 3009148","NO","Kit","SI","2026-09-03T20:47:17.468993+00:00"
"736","3009146","BF-FDOI LYSE 1X500 ML","DIRUI","Cod.Fab: 3009146","NO","Kit","SI","2026-09-03T20:47:17.468993+00:00"
"737","3009153","PROBE CLEANSER 4X50 ML","DIRUI","Cod.Fab: 3009153","NO","Kit","SI","2026-09-03T20:47:17.468993+00:00"
"738","3009150","BF-FBH LYSE 1X500 ML","DIRUI","Cod.Fab: 3009150","NO","Kit","SI","2026-09-03T20:47:17.468993+00:00"
"739","3019921","BF-5D DILUENT","DIRUI","Cod.Fab: 3019921","NO","Kit","SI","2026-09-03T20:47:17.468993+00:00"
"740","3014299","BF-5D- DILUENT 20L*1","DIRUI","Cod.Fab: 3014299","NO","Kit","SI","2026-09-03T20:47:17.468993+00:00"
"741","3014303","BF-RD DILUENT 1L*1","DIRUI","Cod.Fab: 3014303","NO","Kit","SI","2026-09-03T20:47:17.468993+00:00"
"742","3014286","BF-WFL LYSE 4L*1","DIRUI","Cod.Fab: 3014286","NO","Kit","SI","2026-09-03T20:47:17.468993+00:00"
"743","3014306","BF-WFF DYE 80ML*1","DIRUI","Cod.Fab: 3014306","NO","Kit","SI","2026-09-03T20:47:17.468993+00:00"
"744","3014294","BF-SLS-II LYSE 2L*1","DIRUI","Cod.Fab: 3014294","NO","Kit","SI","2026-09-03T20:47:17.468993+00:00"
"745","3014300","BF-WNL LYSE4L*1","DIRUI","Cod.Fab: 3014300","NO","Kit","SI","2026-09-03T20:47:17.848209+00:00"
"746","3014301","BF-WNF DYE 80ML*1","DIRUI","Cod.Fab: 3014301","NO","Kit","SI","2026-09-03T20:47:17.848209+00:00"
"747","3014287","BF-RF DYE 12ML*1","DIRUI","Cod.Fab: 3014287","NO","Kit","SI","2026-09-03T20:47:17.848209+00:00"
"748","3000070","DR7000D (QUIMICA SEMI)","DIRUI","Cod.Fab: 3000070","NO","Kit","SI","2026-09-03T20:47:17.848209+00:00"
"749","3000221","DIRUI H10","DIRUI","Cod.Fab: 3000221","NO","Kit","SI","2026-09-03T20:47:17.848209+00:00"
"750","3000157","DIRUI H13Cr-","DIRUI","Cod.Fab: 3000157","NO","Kit","SI","2026-09-03T20:47:17.848209+00:00"
"751","3008658","FUS-13Cr II","DIRUI","Cod.Fab: 3008658","NO","Kit","SI","2026-09-03T20:47:17.848209+00:00"
"752","3019895","Sheath","DIRUI","Cod.Fab: 3019895","NO","Kit","SI","2026-09-03T20:47:17.848209+00:00"
"753","3019947","Cleaning liquid II","DIRUI","Cod.Fab: 3019947","NO","Kit","SI","2026-09-03T20:47:17.848209+00:00"
"754","3019946","Diluent","DIRUI","Cod.Fab: 3019946","NO","Kit","SI","2026-09-03T20:47:17.848209+00:00"
"755","3019896","Detergent","DIRUI","Cod.Fab: 3019896","NO","Kit","SI","2026-09-03T20:47:17.848209+00:00"
"756","11M1013","STANDARD M10 Side bracket Set","SD BIOSEN Equipos","Cod.Fab: 11M1013","SI","Kit","SI","2026-09-03T20:47:17.848209+00:00"
"757","90DR20","STANDARD Fixed volume dropper (300㎕) 10ea/PK","SD BIOSEN Equipos","Cod.Fab: 90DR20","SI","Kit","SI","2026-09-03T20:47:17.848209+00:00"
"758","M000339","EXIAS e|1 Cartridge 150 oQC","EXIAS Reactivos","Cod.Fab: M000339","NO","Kit","SI","2026-09-03T20:47:17.848209+00:00"
"759","M000140","EXIAS e|1 Cartridge 600 oQC","EXIAS Reactivos","Cod.Fab: M000140","NO","Kit","SI","2026-09-03T20:47:17.848209+00:00"
"760","M000322","EXIAS e|1 Printer paper","EXIAS Equipo","Cod.Fab: M000322","SI","Kit","SI","2026-09-03T20:47:17.848209+00:00"
"761","107076","THIRD PARTY PRODUCT, SC SANGUIS COUNTING GMBH:
 PLASTIC CAPILLARIES FOR BLOOD GAS (50ΜL)","EXIAS","Cod.Fab: 107076","NO","Kit","SI","2026-09-03T20:47:17.848209+00:00"
"762","M000301","E|1 HMI","EXIAS","Cod.Fab: M000301","NO","Kit","SI","2026-09-03T20:47:17.848209+00:00"
"763","M001032","E|1 HMI 2.0","EXIAS","Cod.Fab: M001032","NO","Kit","SI","2026-09-03T20:47:17.848209+00:00"
"764","M001033","E|1 MAINBOARD HMI 2.0","EXIAS","Cod.Fab: M001033","NO","Kit","SI","2026-09-03T20:47:17.848209+00:00"
"765","M001047","E|1 REAR PANEL HMI 2.0","EXIAS","Cod.Fab: M001047","NO","Kit","SI","2026-09-03T20:47:17.848209+00:00"
"766","M000302","E|1 RIGHT PANEL","EXIAS","Cod.Fab: M000302","NO","Kit","SI","2026-09-03T20:47:17.848209+00:00"
"767","M000303","E|1 LEFT PANEL","EXIAS","Cod.Fab: M000303","NO","Kit","SI","2026-09-03T20:47:17.848209+00:00"
"768","M000304","E|1 TOP PANEL","EXIAS","Cod.Fab: M000304","NO","Kit","SI","2026-09-03T20:47:17.848209+00:00"
"769","M000305","E|1 FRONT COVER","EXIAS","Cod.Fab: M000305","NO","Kit","SI","2026-09-03T20:47:17.848209+00:00"
"770","M000306","E|1 REAR PANEL","EXIAS","Cod.Fab: M000306","NO","Kit","SI","2026-09-03T20:47:17.848209+00:00"
"771","M000307","E|1 PERISTALTIC PUMP DRIVE","EXIAS","Cod.Fab: M000307","NO","Kit","SI","2026-09-03T20:47:17.848209+00:00"
"772","M000308","E|1 SAMPLE INPUT MODULE DRIVE","EXIAS","Cod.Fab: M000308","NO","Kit","SI","2026-09-03T20:47:17.848209+00:00"
"773","M000309","E|1 SOLUTION SELECTOR DRIVE","EXIAS","Cod.Fab: M000309","NO","Kit","SI","2026-09-03T20:47:17.848209+00:00"
"774","M000310","E|1 THERMAL PRINTER","EXIAS","Cod.Fab: M000310","NO","Kit","SI","2026-09-03T20:47:17.848209+00:00"
"775","M000311","E|1 INTERFACE BOARD","EXIAS","Cod.Fab: M000311","NO","Kit","SI","2026-09-03T20:47:17.848209+00:00"
"776","M000312","E|1 CONTROL BOARD","EXIAS","Cod.Fab: M000312","NO","Kit","SI","2026-09-03T20:47:17.848209+00:00"
"777","M000313","E|1 ANALOG BOARD","EXIAS","Cod.Fab: M000313","NO","Kit","SI","2026-09-03T20:47:17.848209+00:00"
"778","M000314","E|1 POWER SUPPLY UNIT","EXIAS","Cod.Fab: M000314","NO","Kit","SI","2026-09-03T20:47:17.848209+00:00"
"779","M000315","E|1 CABLE 04","EXIAS","Cod.Fab: M000315","NO","Kit","SI","2026-09-03T20:47:17.848209+00:00"
"780","M000316","E|1 CABLE 10","EXIAS","Cod.Fab: M000316","NO","Kit","SI","2026-09-03T20:47:17.848209+00:00"
"781","M000317","E|1 CABLE 13","EXIAS","Cod.Fab: M000317","NO","Kit","SI","2026-09-03T20:47:17.848209+00:00"
"782","M000318","E|1 CABLE 17","EXIAS","Cod.Fab: M000318","NO","Kit","SI","2026-09-03T20:47:17.848209+00:00"
"783","M000319","E|1 CABLE 18","EXIAS","Cod.Fab: M000319","NO","Kit","SI","2026-09-03T20:47:17.848209+00:00"
"784","M000320","E|1 CABLE 19","EXIAS","Cod.Fab: M000320","NO","Kit","SI","2026-09-03T20:47:17.848209+00:00"
"785","M000321","E|1 MICRO SWITCH","EXIAS","Cod.Fab: M000321","NO","Kit","SI","2026-09-03T20:47:17.848209+00:00"
"786","M000324","E|1 IFU - ENG","EXIAS","Cod.Fab: M000324","NO","Kit","SI","2026-09-03T20:47:17.848209+00:00"
"787","M000325","E|1 IFU - GER","EXIAS","Cod.Fab: M000325","NO","Kit","SI","2026-09-03T20:47:17.848209+00:00"
"788","M000400","E|1 IFU - SLV","EXIAS","Cod.Fab: M000400","NO","Kit","SI","2026-09-03T20:47:17.848209+00:00"
"789","M000402","E|1 IFU - RUM","EXIAS","Cod.Fab: M000402","NO","Kit","SI","2026-09-03T20:47:17.848209+00:00"
"790","M000437","E|1 IFU - SRP","EXIAS","Cod.Fab: M000437","NO","Kit","SI","2026-09-03T20:47:17.848209+00:00"
"791","M000440","E|1 IFU - FRA","EXIAS","Cod.Fab: M000440","NO","Kit","SI","2026-09-03T20:47:17.848209+00:00"
"792","M000442","E|1 IFU - CHI","EXIAS","Cod.Fab: M000442","NO","Kit","SI","2026-09-03T20:47:17.848209+00:00"
"793","M000444","E|1 IFU - POR","EXIAS","Cod.Fab: M000444","NO","Kit","SI","2026-09-03T20:47:17.848209+00:00"
"794","M000446","E|1 IFU - RUS","EXIAS","Cod.Fab: M000446","NO","Kit","SI","2026-09-03T20:47:17.848209+00:00"
"795","M000448","E|1 IFU - SPA","EXIAS","Cod.Fab: M000448","NO","Kit","SI","2026-09-03T20:47:18.216673+00:00"
"796","M000450","E|1 IFU - UKR","EXIAS","Cod.Fab: M000450","NO","Kit","SI","2026-09-03T20:47:18.216673+00:00"
"797","M000477","E|1 IFU - GRE","EXIAS","Cod.Fab: M000477","NO","Kit","SI","2026-09-03T20:47:18.216673+00:00"
"798","M000692","E|1 IFU - LIT","EXIAS","Cod.Fab: M000692","NO","Kit","SI","2026-09-03T20:47:18.216673+00:00"
"799","M000704","E|1 IFU - ITA","EXIAS","Cod.Fab: M000704","NO","Kit","SI","2026-09-03T20:47:18.216673+00:00"
"800","M000730","E|1 IFU - VIE","EXIAS","Cod.Fab: M000730","NO","Kit","SI","2026-09-03T20:47:18.216673+00:00"
"801","M000892","E|1 IFU - BUL","EXIAS","Cod.Fab: M000892","NO","Kit","SI","2026-09-03T20:47:18.216673+00:00"
"802","M000938","E|1 IFU - EST","EXIAS","Cod.Fab: M000938","NO","Kit","SI","2026-09-03T20:47:18.216673+00:00"
"803","M001018","E|1 IFU - POL","EXIAS","Cod.Fab: M001018","NO","Kit","SI","2026-09-03T20:47:18.216673+00:00"
"804","M000327","E|1 SD CARD","EXIAS","Cod.Fab: M000327","NO","Kit","SI","2026-09-03T20:47:18.216673+00:00"
"805","3000291","DIRUI H14-Ca","DIRUI","Cod.Fab: 3000291","NO","Kit","SI","2026-09-03T20:47:18.216673+00:00"
"806","R30513740","THERMAL PRINTER WITH BOARD","DIESSE Equipo","Cod.Fab: R30513740","SI","Kit","SI","2026-09-03T20:47:18.216673+00:00"
"807","R30503390","CHORUS YEARLY MAINTENANCE KIT REV.1","DIESSE Equipo","Cod.Fab: R30503390","SI","Kit","SI","2026-09-03T20:47:18.216673+00:00"
"808","R12100760","PIPE PVC DOP MEDICALE 1.5X3","DIESSE Equipo","Cod.Fab: R12100760","SI","Kit","SI","2026-09-03T20:47:18.216673+00:00"
"809","R30119920","LOW POWER BOARD V3","DIESSE Equipo","Cod.Fab: R30119920","SI","Kit","SI","2026-09-03T20:47:18.216673+00:00"
"810","R30208411","AIR HEATER ASSEMBLY (VERS 02)","DIESSE Equipo","Cod.Fab: R30208411","SI","Kit","SI","2026-09-03T20:47:18.216673+00:00"
"811","R30122300","DISPENSER 1 NEEDLE W CABLE (WITHE)","DIESSE Equipo","Cod.Fab: R30122300","SI","Kit","SI","2026-09-03T20:47:18.216673+00:00"
"812","R30121250","DISPENSER 2 NEEDLE WITH CABLE","DIESSE Equipo","Cod.Fab: R30121250","SI","Kit","SI","2026-09-03T20:47:18.216673+00:00"
"813","R30210271","NEW CHORUS PHOTOSENSOR ASSEMBLY","DIESSE Equipo","Cod.Fab: R30210271","SI","Kit","SI","2026-09-03T20:47:18.216673+00:00"
"814","R30118131","WASHER1 CONNECTING WELL CABLE","DIESSE Equipo","Cod.Fab: R30118131","SI","Kit","SI","2026-09-03T20:47:18.216673+00:00"
"815","R30208420","WASHER COLLECTING WELL","DIESSE Equipo","Cod.Fab: R30208420","SI","Kit","SI","2026-09-03T20:47:18.216673+00:00"
"816","R20550580","EXTERNAL BARCODE READER","DIESSE Equipo","Cod.Fab: R20550580","SI","Kit","SI","2026-09-03T20:47:18.216673+00:00"
"817","R10136710","DOUBLE WASHING NEEDLE","DIESSE Equipo","Cod.Fab: R10136710","SI","Kit","SI","2026-09-03T20:47:18.216673+00:00"
"818","R11505370","BALL BUSHING","DIESSE Equipo","Cod.Fab: R11505370","SI","Kit","SI","2026-09-03T20:47:18.216673+00:00"
"819","R11301060","WASHING/SUCTION NEEDLE SPRING","DIESSE Equipo","Cod.Fab: R11301060","SI","Kit","SI","2026-09-03T20:47:18.216673+00:00"
"820","00361/I","1 LT. BOTTLE FOR BUFF. SOL. FOR INFECTIVITY","DIESSE Equipo","Cod.Fab: 00361/I","SI","Kit","SI","2026-09-03T20:47:18.216673+00:00"
"821","00361/S","1 LT. BOTTLE FOR SANITIZING SOLUTION","DIESSE Equipo","Cod.Fab: 00361/S","SI","Kit","SI","2026-09-03T20:47:18.216673+00:00"
"822","00361/A","1 LT. BOTTLE FOR BUFF. SOL. FOR AUTOIMMUNITY","DIESSE Equipo","Cod.Fab: 00361/A","SI","Kit","SI","2026-09-03T20:47:18.216673+00:00"
"823","0954/C","2 LT. BOTTLE FOR CLEANING SOLUTION","DIESSE Equipo","Cod.Fab: 0954/C","SI","Kit","SI","2026-09-03T20:47:18.216673+00:00"
"824","R30124536","CHORUS NEW CPU 2010 V6 BOARD","DIESSE Equipo","Cod.Fab: R30124536","SI","Kit","SI","2026-09-03T20:47:18.216673+00:00"
"825","R30124553","CHORUS DRIVERS 2010","DIESSE Equipo","Cod.Fab: R30124553","SI","Kit","SI","2026-09-03T20:47:18.216673+00:00"
"826","R30118081","CAB 525","DIESSE Equipo","Cod.Fab: R30118081","SI","Kit","SI","2026-09-03T20:47:18.216673+00:00"
"827","R30118510","CAB 555","DIESSE Equipo","Cod.Fab: R30118510","SI","Kit","SI","2026-09-03T20:47:18.216673+00:00"
"828","R20400250","FUSE","DIESSE Equipo","Cod.Fab: R20400250","SI","Kit","SI","2026-09-03T20:47:18.216673+00:00"
"829","10385381","THYROID AUTOAB - IMMULITE - CTL - 2X5ML","SIEMENS","Cod.Fab: 10385381","NO","Kit","SI","2026-09-03T20:47:18.216673+00:00"
"830","10389765","IMMULITE CONTROL MODULE ESTRADIOL","SIEMENS","Cod.Fab: 10389765","NO","Kit","SI","2026-09-03T20:47:18.216673+00:00"
"831","11128543","IMMULITE 2000 IGF - I","SIEMENS","Cod.Fab: 11128543","NO","Kit","SI","2026-09-03T20:47:18.216673+00:00"
"832","10385387","IMMULITE IGF CONTROL MODULE","SIEMENS","Cod.Fab: 10385387","NO","Kit","SI","2026-09-03T20:47:18.216673+00:00"
"833","10387074","IMMULITE 2000 IGF-I SAMPLE DILUENT","SIEMENS","Cod.Fab: 10387074","NO","Kit","SI","2026-09-03T20:47:18.216673+00:00"
"834","10381447","IMMULITE 2000 IGFBP-3 - SIEMENS","SIEMENS","Cod.Fab: 10381447","NO","Kit","SI","2026-09-03T20:47:18.216673+00:00"
"835","10487628","IMMULITE 2000 ERYTHROPOIETIN (EPO).","SIEMENS","Cod.Fab: 10487628","NO","Kit","SI","2026-09-03T20:47:18.216673+00:00"
"836","10387055","IMMULITE 2000 HOMOCYSTEINE SAMPLE DILUENT","SIEMENS","Cod.Fab: 10387055","NO","Kit","SI","2026-09-03T20:47:18.216673+00:00"
"837","10381040","IMMULITE 2000 HOMOCYSTEINE KIT 200T","SIEMENS","Cod.Fab: 10381040","NO","Kit","SI","2026-09-03T20:47:18.216673+00:00"
"838","10381034","IMMULITE 2000 TROPONINA I - SIEMENS","SIEMENS","Cod.Fab: 10381034","NO","Kit","SI","2026-09-03T20:47:18.216673+00:00"
"839","10381190","IMMULITE 2000 TOTAL TESTOSTERONE - SIEMENS","SIEMENS","Cod.Fab: 10381190","NO","Kit","SI","2026-09-03T20:47:18.216673+00:00"
"840","10381175","IMMULITE 2000 FREE BETA HCG","SIEMENS","Cod.Fab: 10381175","NO","Kit","SI","2026-09-03T20:47:18.216673+00:00"
"841","10385385","IMMULITE FREE BETA HCG CONTROL MODULE","SIEMENS","Cod.Fab: 10385385","NO","Kit","SI","2026-09-03T20:47:18.216673+00:00"
"842","10385339","IMMULITE NT-PROBNP CONTROL MODULE","SIEMENS","Cod.Fab: 10385339","NO","Kit","SI","2026-09-03T20:47:18.216673+00:00"
"843","10387059","IMMULITE 2000 NT-proBNP SAMPLE DILUENT","SIEMENS","Cod.Fab: 10387059","NO","Kit","SI","2026-09-03T20:47:18.216673+00:00"
"844","10381031","IMMULITE 2000 MYOGLOBIN KIT 200T","SIEMENS","Cod.Fab: 10381031","NO","Kit","SI","2026-09-03T20:47:18.216673+00:00"
"853","10385841","IMMULITE 2000 SPECIFIC ALLERGEN RYE.","SIEMENS","Cod.Fab: 10385841","NO","Kit","SI","2026-09-03T20:47:18.957102+00:00"
"854","10386020","IMMULITE 2000 SPECIFIC ALLERGEN CEPHALOSPORIUM ACREMONIUM.","SIEMENS","Cod.Fab: 10386020","NO","Kit","SI","2026-09-03T20:47:18.957102+00:00"
"855","10385716","IMMULITE 2000 SPECIFIC ALLERGEN MUSHROOM.","SIEMENS","Cod.Fab: 10385716","NO","Kit","SI","2026-09-03T20:47:18.957102+00:00"
"856","10385690","IMMULITE 2000 SPECIFIC ALLERGEN GREEN PEA.","SIEMENS","Cod.Fab: 10385690","NO","Kit","SI","2026-09-03T20:47:18.957102+00:00"
"857","10386051","IMMULITE 2000 SPECIFIC ALLERGEN ENTEROTOXIN A (S.AUREUS).","SIEMENS","Cod.Fab: 10386051","NO","Kit","SI","2026-09-03T20:47:18.957102+00:00"
"858","10386052","IMMULITE 2000 SPECIFIC ALLERGEN ENTEROTOXIN B (S.AUREUS).","SIEMENS","Cod.Fab: 10386052","NO","Kit","SI","2026-09-03T20:47:18.957102+00:00"
"859","10385664","IMMULITE 2000 SPECIFIC ALLERGEN GOAT EPITHELIUM.","SIEMENS","Cod.Fab: 10385664","NO","Kit","SI","2026-09-03T20:47:18.957102+00:00"
"860","10385668","IMMULITE 2000 SPECIFIC ALLERGEN SWINE EPITHELIUM.","SIEMENS","Cod.Fab: 10385668","NO","Kit","SI","2026-09-03T20:47:18.957102+00:00"
"861","10385667","IMMULITE 2000 SPECIFIC ALLERGEN RABBIT EPITHELIUM.","SIEMENS","Cod.Fab: 10385667","NO","Kit","SI","2026-09-03T20:47:18.957102+00:00"
"862","10385642","IMMULITE 2000 SPECIFIC ALLERGEN CAT DANDER - EPITHELIUM.","SIEMENS","Cod.Fab: 10385642","NO","Kit","SI","2026-09-03T20:47:18.957102+00:00"
"863","10385648","IMMULITE 2000 SPECIFIC ALLERGEN DOG EPITHELIUM.","SIEMENS","Cod.Fab: 10385648","NO","Kit","SI","2026-09-03T20:47:18.957102+00:00"
"864","10385658","IMMULITE 2000 SPECIFIC ALLERGEN RAT EPITHELIUM.","SIEMENS","Cod.Fab: 10385658","NO","Kit","SI","2026-09-03T20:47:18.957102+00:00"
"865","10385651","IMMULITE 2000 SPECIFIC ALLERGEN COW DANDER.","SIEMENS","Cod.Fab: 10385651","NO","Kit","SI","2026-09-03T20:47:18.957102+00:00"
"866","10386064","IMMULITE 2000 SPECIFIC ALLERGEN EUCALYPTUS.","SIEMENS","Cod.Fab: 10386064","NO","Kit","SI","2026-09-03T20:47:18.957102+00:00"
"867","10385639","IMMULITE 2000 SPECIFIC ALLERGEN EUROGLYPHUS MAYNEI.","SIEMENS","Cod.Fab: 10385639","NO","Kit","SI","2026-09-03T20:47:18.957102+00:00"
"868","10385663","IMMULITE 2000 SPECIFIC ALLERGEN PIGEON DROPPINGS.","SIEMENS","Cod.Fab: 10385663","NO","Kit","SI","2026-09-03T20:47:18.957102+00:00"
"869","10385827","IMMULITE 2000 SPECIFIC ALLERGEN STRAWBERRY.","SIEMENS","Cod.Fab: 10385827","NO","Kit","SI","2026-09-03T20:47:18.957102+00:00"
"870","10385700","IMMULITE 2000 SPECIFIC ALLERGEN LIMA BEAN.","SIEMENS","Cod.Fab: 10385700","NO","Kit","SI","2026-09-03T20:47:18.957102+00:00"
"871","10385790","IMMULITE 2000 SPECIFIC ALLERGEN CHICK PEA.","SIEMENS","Cod.Fab: 10385790","NO","Kit","SI","2026-09-03T20:47:18.957102+00:00"
"872","10385638","IMMULITE 2000 SPECIFIC ALLERGEN GLYCYPHAGUS DOMESTICUS.","SIEMENS","Cod.Fab: 10385638","NO","Kit","SI","2026-09-03T20:47:18.957102+00:00"
"873","10386069","IMMULITE 2000 SPECIFIC ALLERGEN HORN BEAM.","SIEMENS","Cod.Fab: 10386069","NO","Kit","SI","2026-09-03T20:47:18.957102+00:00"
"874","10386045","IMMULITE 2000 SPECIFIC ALLERGEN HELMINTHOSPORIUM HALODES.","SIEMENS","Cod.Fab: 10386045","NO","Kit","SI","2026-09-03T20:47:18.957102+00:00"
"875","10386143","IMMULITE 2000 SPECIFIC ALLERGEN COMMON RAGWEED.","SIEMENS","Cod.Fab: 10386143","NO","Kit","SI","2026-09-03T20:47:18.957102+00:00"
"876","10385817","IMMULITE 2000 SPECIFIC ALLERGEN FIG.","SIEMENS","Cod.Fab: 10385817","NO","Kit","SI","2026-09-03T20:47:18.957102+00:00"
"877","10385768","IMMULITE 2000 SPECIFIC ALLERGEN BAY LEAF.","SIEMENS","Cod.Fab: 10385768","NO","Kit","SI","2026-09-03T20:47:18.957102+00:00"
"878","10385742","IMMULITE 2000 SPECIFIC ALLERGEN EGG.","SIEMENS","Cod.Fab: 10385742","NO","Kit","SI","2026-09-03T20:47:18.957102+00:00"
"879","10386109","IMMULITE 2000 SPECIFIC ALLERGEN JAPANESE CYPRESS.","SIEMENS","Cod.Fab: 10386109","NO","Kit","SI","2026-09-03T20:47:18.957102+00:00"
"880","10385762","IMMULITE 2000 SPECIFIC ALLERGEN GINGER.","SIEMENS","Cod.Fab: 10385762","NO","Kit","SI","2026-09-03T20:47:18.957102+00:00"
"881","10385861","IMMULITE 2000 SPECIFIC ALLERGEN KIWI FRUI.","SIEMENS","Cod.Fab: 10385861","NO","Kit","SI","2026-09-03T20:47:18.957102+00:00"
"882","10385980","IMMULITE 2000 SPECIFIC ALLERGEN WOOL.","SIEMENS","Cod.Fab: 10385980","NO","Kit","SI","2026-09-03T20:47:18.957102+00:00"
"883","10385857","IMMULITE 2000 SPECIFIC ALLERGEN LOBSTER.","SIEMENS","Cod.Fab: 10385857","NO","Kit","SI","2026-09-03T20:47:18.957102+00:00"
"884","10385996","IMMULITE 2000 SPECIFIC ALLERGEN LATEX.","SIEMENS","Cod.Fab: 10385996","NO","Kit","SI","2026-09-03T20:47:18.957102+00:00"
"885","10385784","IMMULITE 2000 SPECIFIC ALLERGEN MILK.","SIEMENS","Cod.Fab: 10385784","NO","Kit","SI","2026-09-03T20:47:18.957102+00:00"
"886","10385736","IMMULITE 2000 SPECIFIC ALLERGEN LENTIL.","SIEMENS","Cod.Fab: 10385736","NO","Kit","SI","2026-09-03T20:47:18.957102+00:00"
"887","10385828","IMMULITE 2000 SPECIFIC ALLERGEN BAKERS YEAST.","SIEMENS","Cod.Fab: 10385828","NO","Kit","SI","2026-09-03T20:47:18.957102+00:00"
"888","10385818","IMMULITE 2000 SPECIFIC ALLERGEN BREWER'S YEAST.","SIEMENS","Cod.Fab: 10385818","NO","Kit","SI","2026-09-03T20:47:18.957102+00:00"
"889","10385789","IMMULITE 2000 SPECIFIC ALLERGEN LIME.","SIEMENS","Cod.Fab: 10385789","NO","Kit","SI","2026-09-03T20:47:18.957102+00:00"
"890","10385712","IMMULITE 2000 SPECIFIC ALLERGEN LEMON.","SIEMENS","Cod.Fab: 10385712","NO","Kit","SI","2026-09-03T20:47:18.957102+00:00"
"891","10386000","IMMULITE 2000 SPECIFIC ALLERGEN HOPS.","SIEMENS","Cod.Fab: 10386000","NO","Kit","SI","2026-09-03T20:47:18.957102+00:00"
"892","10385868","IMMULITE 2000 SPECIFIC ALLERGEN CORN.","SIEMENS","Cod.Fab: 10385868","NO","Kit","SI","2026-09-03T20:47:18.957102+00:00"
"893","10385869","IMMULITE 2000 SPECIFIC ALLERGEN MALT.","SIEMENS","Cod.Fab: 10385869","NO","Kit","SI","2026-09-03T20:47:18.957102+00:00"
"894","10386145","IMMULITE 2000 SPECIFIC ALLERGEN RAGWEED MIX (AMBROSIA SPP).","SIEMENS","Cod.Fab: 10386145","NO","Kit","SI","2026-09-03T20:47:18.957102+00:00"
"895","10385743","IMMULITE 2000 SPECIFIC ALLERGEN HONEY. ALERGENO ESPECÍFICO DE MIEL.","SIEMENS","Cod.Fab: 10385743","NO","Kit","SI","2026-09-03T20:47:18.957102+00:00"
"896","10385837","IMMULITE 2000 SPECIFIC ALLERGEN COMMON MILLET.","SIEMENS","Cod.Fab: 10385837","NO","Kit","SI","2026-09-03T20:47:18.957102+00:00"
"897","10385961","IMMULITE 2000 SPECIFIC ALLERGEN MOSQUITO.","SIEMENS","Cod.Fab: 10385961","NO","Kit","SI","2026-09-03T20:47:18.957102+00:00"
"898","10386038","IMMULITE 2000 SPECIFIC ALLERGEN MUCOR RACEMOSUS.","SIEMENS","Cod.Fab: 10386038","NO","Kit","SI","2026-09-03T20:47:18.957102+00:00"
"899","10385803","IMMULITE 2000 SPECIFIC ALLERGEN ORANGE.","SIEMENS","Cod.Fab: 10385803","NO","Kit","SI","2026-09-03T20:47:18.957102+00:00"
"900","10360571","IMMULITE 2000 SPECIFIC ALLERGEN NDER F 1.","SIEMENS","Cod.Fab: 10360571","NO","Kit","SI","2026-09-03T20:47:18.957102+00:00"
"901","10360572","IMMULITE 2000 SPECIFIC ALLERGEN NDER F 2.","SIEMENS","Cod.Fab: 10360572","NO","Kit","SI","2026-09-03T20:47:18.957102+00:00"
"902","10360574","IMMULITE 2000 SPECIFIC ALLERGEN NDER PL.","SIEMENS","Cod.Fab: 10360574","NO","Kit","SI","2026-09-03T20:47:18.957102+00:00"
"903","10360575","IMMULITE 2000 SPECIFIC ALLERGEN NDER P2.","SIEMENS","Cod.Fab: 10360575","NO","Kit","SI","2026-09-03T20:47:19.320297+00:00"
"904","10385749","IMMULITE 2000 SPECIFIC ALLERGEN WALNUT.","SIEMENS","Cod.Fab: 10385749","NO","Kit","SI","2026-09-03T20:47:19.320297+00:00"
"905","10385659","IMMULITE 2000 SPECIFIC ALLERGEN RAT URINE.","SIEMENS","Cod.Fab: 10385659","NO","Kit","SI","2026-09-03T20:47:19.320297+00:00"
"906","10385657","IMMULITE 2000 SPECIFIC ALLERGEN MOUSE URINE.","SIEMENS","Cod.Fab: 10385657","NO","Kit","SI","2026-09-03T20:47:19.320297+00:00"
"907","10386146","IMMULITE 2000 SPECIFIC ALLERGEN NETTLE.","SIEMENS","Cod.Fab: 10386146","NO","Kit","SI","2026-09-03T20:47:19.320297+00:00"
"908","10385732","IMMULITE 2000 SPECIFIC ALLERGEN OVALBUMIN.","SIEMENS","Cod.Fab: 10385732","NO","Kit","SI","2026-09-03T20:47:19.320297+00:00"
"909","10385733","IMMULITE 2000 SPECIFIC ALLERGEN OVOMUCOID.","SIEMENS","Cod.Fab: 10385733","NO","Kit","SI","2026-09-03T20:47:19.320297+00:00"
"910","10386148","IMMULITE 2000 SPECIFIC ALLERGEN PARIETARIA JUDAICA.","SIEMENS","Cod.Fab: 10386148","NO","Kit","SI","2026-09-03T20:47:19.320297+00:00"
"911","10386158","IMMULITE 2000 SPECIFIC ALLERGEN WORMWOOD.","SIEMENS","Cod.Fab: 10386158","NO","Kit","SI","2026-09-03T20:47:19.320297+00:00"
"912","10385912","IMMULITE 2000 SPECIFIC ALLERGEN BAHIA GRASS.","SIEMENS","Cod.Fab: 10385912","NO","Kit","SI","2026-09-03T20:47:19.320297+00:00"
"913","10385917","IMMULITE 2000 SPECIFIC ALLERGEN BERMUDA GRASS.","SIEMENS","Cod.Fab: 10385917","NO","Kit","SI","2026-09-03T20:47:19.320297+00:00"
"914","10385927","IMMULITE 2000 SPECIFIC ALLERGEN COMMON REED GRASS.","SIEMENS","Cod.Fab: 10385927","NO","Kit","SI","2026-09-03T20:47:19.320297+00:00"
"915","10385914","IMMULITE 2000 SPECIFIC ALLERGEN CULTIVATED CORN.","SIEMENS","Cod.Fab: 10385914","NO","Kit","SI","2026-09-03T20:47:19.320297+00:00"
"916","10386019","IMMULITE 2000 SPECIFIC ALLERGEN PENICILLIUM NOTATUM.","SIEMENS","Cod.Fab: 10386019","NO","Kit","SI","2026-09-03T20:47:19.320297+00:00"
"917","10386030","IMMULITE 2000 SPECIFIC ALLERGEN PENICILLIUM BREVI-COMPACTUM.","SIEMENS","Cod.Fab: 10386030","NO","Kit","SI","2026-09-03T20:47:19.320297+00:00"
"918","10385620","IMMULITE 2000 SPECIFIC ALLERGEN PENICILLOYL G.","SIEMENS","Cod.Fab: 10385620","NO","Kit","SI","2026-09-03T20:47:19.320297+00:00"
"919","10385624","IMMULITE 2000 SPECIFIC ALLERGEN PENICILLOYL V.","SIEMENS","Cod.Fab: 10385624","NO","Kit","SI","2026-09-03T20:47:19.320297+00:00"
"920","10360570","IMMULITE 2000 SPECIFIC ALLERGEN NCAN F 1.","SIEMENS","Cod.Fab: 10360570","NO","Kit","SI","2026-09-03T20:47:19.320297+00:00"
"921","10386104","IMMULITE 2000 SPECIFIC ALLERGEN AUSTRALIAN PINE.","SIEMENS","Cod.Fab: 10386104","NO","Kit","SI","2026-09-03T20:47:19.320297+00:00"
"922","10386061","IMMULITE 2000 SPECIFIC ALLERGEN WHITE PINE.","SIEMENS","Cod.Fab: 10386061","NO","Kit","SI","2026-09-03T20:47:19.320297+00:00"
"923","10385715","IMMULITE 2000 SPECIFIC ALLERGEN PINEAPPLE.","SIEMENS","Cod.Fab: 10385715","NO","Kit","SI","2026-09-03T20:47:19.320297+00:00"
"924","10385707","IMMULITE 2000 SPECIFIC ALLERGEN PISTACHIO.","SIEMENS","Cod.Fab: 10385707","NO","Kit","SI","2026-09-03T20:47:19.320297+00:00"
"925","10386043","IMMULITE 2000 SPECIFIC ALLERGEN PITYROSPORUM ORBICULARE.","SIEMENS","Cod.Fab: 10386043","NO","Kit","SI","2026-09-03T20:47:19.320297+00:00"
"926","10386168","IMMULITE 2000 SPECIFIC ALLERGEN ENGLISH PLANTAIN.","SIEMENS","Cod.Fab: 10386168","NO","Kit","SI","2026-09-03T20:47:19.320297+00:00"
"927","10385675","IMMULITE 2000 SPECIFIC ALLERGEN PARROT FEATHERS.","SIEMENS","Cod.Fab: 10385675","NO","Kit","SI","2026-09-03T20:47:19.320297+00:00"
"928","10385645","IMMULITE 2000 SPECIFIC ALLERGEN PIGEON FEATHER.","SIEMENS","Cod.Fab: 10385645","NO","Kit","SI","2026-09-03T20:47:19.320297+00:00"
"929","10385643","IMMULITE 2000 SPECIFIC ALLERGEN CANARY FEATHER.","SIEMENS","Cod.Fab: 10385643","NO","Kit","SI","2026-09-03T20:47:19.320297+00:00"
"930","10385655","IMMULITE 2000 SPECIFIC ALLERGEN GOOSE FEATHERS.","SIEMENS","Cod.Fab: 10385655","NO","Kit","SI","2026-09-03T20:47:19.320297+00:00"
"931","10385671","IMMULITE 2000 SPECIFIC ALLERGEN DUCK FEATHERS.","SIEMENS","Cod.Fab: 10385671","NO","Kit","SI","2026-09-03T20:47:19.320297+00:00"
"932","10385674","IMMULITE 2000 SPECIFIC ALLERGEN TURKEY FEATHERS.","SIEMENS","Cod.Fab: 10385674","NO","Kit","SI","2026-09-03T20:47:19.320297+00:00"
"933","10385662","IMMULITE 2000 SPECIFIC ALLERGEN BUDGERIGAR FEATHERS.","SIEMENS","Cod.Fab: 10385662","NO","Kit","SI","2026-09-03T20:47:19.320297+00:00"
"934","10385670","IMMULITE 2000 SPECIFIC ALLERGEN CHICKEN FEATHERS.","SIEMENS","Cod.Fab: 10385670","NO","Kit","SI","2026-09-03T20:47:19.320297+00:00"
"935","10385965","IMMULITE 2000 SPECIFIC ALLERGEN MOTH.","SIEMENS","Cod.Fab: 10385965","NO","Kit","SI","2026-09-03T20:47:19.320297+00:00"
"936","10385940","IMMULITE 2000 SPECIFIC ALLERGEN HOUSE DUST-GREER.","SIEMENS","Cod.Fab: 10385940","NO","Kit","SI","2026-09-03T20:47:19.320297+00:00"
"937","10385859","IMMULITE 2000 SPECIFIC ALLERGEN CHEESE, MOLD TYPE.","SIEMENS","Cod.Fab: 10385859","NO","Kit","SI","2026-09-03T20:47:19.320297+00:00"
"938","10385672","IMMULITE 2000 SPECIFIC ALLERGEN RAT.","SIEMENS","Cod.Fab: 10385672","NO","Kit","SI","2026-09-03T20:47:19.320297+00:00"
"939","10385673","IMMULITE 2000 SPECIFIC ALLERGEN MOUSE.","SIEMENS","Cod.Fab: 10385673","NO","Kit","SI","2026-09-03T20:47:19.320297+00:00"
"940","10386012","IMMULITE 2000 SPECIFIC ALLERGEN RHIZOPUS NIGRICANS.","SIEMENS","Cod.Fab: 10386012","NO","Kit","SI","2026-09-03T20:47:19.320297+00:00"
"941","10385989","IMMULITE 2000 SPECIFIC ALLERGEN SILK (BOMBYX).","SIEMENS","Cod.Fab: 10385989","NO","Kit","SI","2026-09-03T20:47:19.320297+00:00"
"942","10385695","IMMULITE 2000 SPECIFIC ALLERGEN SOYBEAN.","SIEMENS","Cod.Fab: 10385695","NO","Kit","SI","2026-09-03T20:47:19.320297+00:00"
"943","10385753","IMMULITE 2000 SPECIFIC ALLERGEN TOMATO.","SIEMENS","Cod.Fab: 10385753","NO","Kit","SI","2026-09-03T20:47:19.320297+00:00"
"944","10385834","IMMULITE 2000 SPECIFIC ALLERGEN WHEAT.","SIEMENS","Cod.Fab: 10385834","NO","Kit","SI","2026-09-03T20:47:19.320297+00:00"
"945","10385637","IMMULITE 2000 SPECIFIC ALLERGEN TYROPHAGUS PUTRESCENTIAE.","SIEMENS","Cod.Fab: 10385637","NO","Kit","SI","2026-09-03T20:47:19.320297+00:00"
"946","10385950","IMMULITE 2000 SPECIFIC ALLERGEN HONEY BEE VENOM.","SIEMENS","Cod.Fab: 10385950","NO","Kit","SI","2026-09-03T20:47:19.320297+00:00"
"947","10385956","IMMULITE 2000 SPECIFIC ALLERGEN YELLOW JACKET VENOM.","SIEMENS","Cod.Fab: 10385956","NO","Kit","SI","2026-09-03T20:47:19.320297+00:00"
"948","10385847","IMMULITE 2000 SPECIFIC ALLERGEN EGG YOLK.","SIEMENS","Cod.Fab: 10385847","NO","Kit","SI","2026-09-03T20:47:19.320297+00:00"
"949","88000-F1","CHORUS EGG WHITE","DIESSE","Cod.Fab: 88000-F1","NO","Kit","SI","2026-09-03T20:47:19.320297+00:00"
"950","88000-F2","CHORUS COW'S MILK","DIESSE","Cod.Fab: 88000-F2","NO","Kit","SI","2026-09-03T20:47:19.320297+00:00"
"951","88000-F3","CHORUS FISH COD","DIESSE","Cod.Fab: 88000-F3","NO","Kit","SI","2026-09-03T20:47:19.320297+00:00"
"952","88000-F4","CHORUS WHEAT FLOUR","DIESSE","Cod.Fab: 88000-F4","NO","Kit","SI","2026-09-03T20:47:19.320297+00:00"
"953","88000-F13","CHORUS PEANUT","DIESSE","Cod.Fab: 88000-F13","NO","Kit","SI","2026-09-03T20:47:19.667877+00:00"
"954","88000-F14","CHORUS SOY BEAN","DIESSE","Cod.Fab: 88000-F14","NO","Kit","SI","2026-09-03T20:47:19.667877+00:00"
"955","88000-F17","CHORUS HAZELNUT","DIESSE","Cod.Fab: 88000-F17","NO","Kit","SI","2026-09-03T20:47:19.667877+00:00"
"956","88000-F24","CHORUS SHRIMP","DIESSE","Cod.Fab: 88000-F24","NO","Kit","SI","2026-09-03T20:47:19.667877+00:00"
"957","88000-F26","CHORUS PORK MEAT","DIESSE","Cod.Fab: 88000-F26","NO","Kit","SI","2026-09-03T20:47:19.667877+00:00"
"958","88000-F27","CHORUS BEEF MEAT","DIESSE","Cod.Fab: 88000-F27","NO","Kit","SI","2026-09-03T20:47:19.667877+00:00"
"959","88000-F31","CHORUS CARROT","DIESSE","Cod.Fab: 88000-F31","NO","Kit","SI","2026-09-03T20:47:19.667877+00:00"
"960","88000-F75","CHORUS EGG YOLK","DIESSE","Cod.Fab: 88000-F75","NO","Kit","SI","2026-09-03T20:47:19.667877+00:00"
"961","88000-F76","CHORUS BOS D 4 ALPHA-LACTALBUMIN, MILK","DIESSE","Cod.Fab: 88000-F76","NO","Kit","SI","2026-09-03T20:47:19.667877+00:00"
"962","88000-F77","CHORUS BOS D 5 BETA-LACTOGLOBULIN, MILK","DIESSE","Cod.Fab: 88000-F77","NO","Kit","SI","2026-09-03T20:47:19.667877+00:00"
"963","88000-F78","CHORUS BOS D 8 CASEIN, MILK","DIESSE","Cod.Fab: 88000-F78","NO","Kit","SI","2026-09-03T20:47:19.667877+00:00"
"964","88000-F40","CHORUS TUNA","DIESSE","Cod.Fab: 88000-F40","NO","Kit","SI","2026-09-03T20:47:19.667877+00:00"
"965","88000-F256","CHORUS WALNUT","DIESSE","Cod.Fab: 88000-F256","NO","Kit","SI","2026-09-03T20:47:19.667877+00:00"
"966","88000-W1","CHORUS COMMON RAGWEED","DIESSE","Cod.Fab: 88000-W1","NO","Kit","SI","2026-09-03T20:47:19.667877+00:00"
"967","88000-W5","CHORUS WORMWOOD","DIESSE","Cod.Fab: 88000-W5","NO","Kit","SI","2026-09-03T20:47:19.667877+00:00"
"968","88000-M3","CHORUS ASPERGILLUS FUMIGATUS","DIESSE","Cod.Fab: 88000-M3","NO","Kit","SI","2026-09-03T20:47:19.667877+00:00"
"969","88000-D2","CHORUS DERMATOPH. FARINAE","DIESSE","Cod.Fab: 88000-D2","NO","Kit","SI","2026-09-03T20:47:19.667877+00:00"
"970","88000-W6","CHORUS MUGWORT","DIESSE","Cod.Fab: 88000-W6","NO","Kit","SI","2026-09-03T20:47:19.667877+00:00"
"971","11315609","ATELLICA HEMATOLOGY 520 OPEN TUBE","SIEMENS","Cod.Fab: 11315609","NO","Kit","SI","2026-09-03T20:47:19.667877+00:00"
"972","11315613","ATELLICA HEMATOLOGY 520 CLOSED TUBE","SIEMENS","Cod.Fab: 11315613","NO","Kit","SI","2026-09-03T20:47:19.667877+00:00"
"973","11315617","ATELLICA HEMATOLOGY 530","SIEMENS","Cod.Fab: 11315617","NO","Kit","SI","2026-09-03T20:47:19.667877+00:00"
"974","11374605","ATELLICA HEMA WBC DIFF (4 X 1L)","SIEMENS","Cod.Fab: 11374605","NO","Kit","SI","2026-09-03T20:47:19.667877+00:00"
"975","10449436","SAMPLE CUP CONICAL 4.0 ML","SIEMENS","Cod.Fab: 10449436","NO","Kit","SI","2026-09-03T20:47:19.667877+00:00"
"976","10487040","VON WILLEBRAND FACTOR ACTIVITY INNOVANCE - RGT - 3 X 2 ML","SIEMENS","Cod.Fab: 10487040","NO","Kit","SI","2026-09-03T20:47:19.667877+00:00"
"977","10446154","LA CONTROL LOW","SIEMENS","Cod.Fab: 10446154","NO","Kit","SI","2026-09-03T20:47:19.667877+00:00"
"978","10446153","LA CONTROL HIGH","SIEMENS","Cod.Fab: 10446153","NO","Kit","SI","2026-09-03T20:47:19.667877+00:00"
"979","10873453","INNOVANCE CALIBRADOR DE HEPARINA","SIEMENS","Cod.Fab: 10873453","NO","Kit","SI","2026-09-03T20:47:19.667877+00:00"
"980","10482450","TERRALIN® (DESINFECTION SOLUTION FOR COAGULATION ANALYZERS : BCS®, BCT®, BFA®)","SIEMENS","Cod.Fab: 10482450","NO","Kit","SI","2026-09-03T20:47:19.667877+00:00"
"981","10446005","INNOVANCE D- DIMER CONTROLS, 5 X 1.0 ML INNOVANCE D- DIMER CONTROL 1, 5 X 1.0 ML INNOVANCE D- DIMER CONTROL 2","SIEMENS","Cod.Fab: 10446005","NO","Kit","SI","2026-09-03T20:47:19.667877+00:00"
"982","10446125","BC VALIDATION KIT, 1 X 15 ML TEST SOLUTION ,1 X 5.0 ML EACH OF TEST SOLUTION 105, 106, 107, 108, 2 EMPTY VIALS, 1 EMPTY TUBE FOR WATER","SIEMENS","Cod.Fab: 10446125","NO","Kit","SI","2026-09-03T20:47:19.667877+00:00"
"983","10446526","BFT II COAGULATION CUPS 4.0 ML (500 SAMPLE CUPS)","SIEMENS","Cod.Fab: 10446526","NO","Kit","SI","2026-09-03T20:47:19.667877+00:00"
"984","10459385","RIBBON PRINTER PFA200","SIEMENS","Cod.Fab: 10459385","NO","Kit","SI","2026-09-03T20:47:19.667877+00:00"
"985","10481762","SB SET TOOL (CS ANALYZER)","SIEMENS","Cod.Fab: 10481762","NO","Kit","SI","2026-09-03T20:47:19.667877+00:00"
"986","10373983","HOLDER ASSY NO.21 (CUP) (CS ANALYZER)","SIEMENS","Cod.Fab: 10373983","NO","Kit","SI","2026-09-03T20:47:19.667877+00:00"
"987","10445687","REACTION TUBES","SIEMENS","Cod.Fab: 10445687","NO","Kit","SI","2026-09-03T20:47:19.667877+00:00"
"988","10459386","PADS CLEANING PFA200","SIEMENS","Cod.Fab: 10459386","NO","Kit","SI","2026-09-03T20:47:19.667877+00:00"
"989","10459383","CASSETTE PFA200","SIEMENS","Cod.Fab: 10459383","NO","Kit","SI","2026-09-03T20:47:19.667877+00:00"
"990","10445690","CA CLEAN II","SIEMENS","Cod.Fab: 10445690","NO","Kit","SI","2026-09-03T20:47:19.667877+00:00"
"991","10446033","KAOLIN SUSPENSION FOR THE FIBRINTIMER","SIEMENS","Cod.Fab: 10446033","NO","Kit","SI","2026-09-03T20:47:19.667877+00:00"
"992","10708787","CA CLEAN II","SIEMENS","Cod.Fab: 10708787","NO","Kit","SI","2026-09-03T20:47:19.667877+00:00"
"993","10445689","CA CLEAN I","SIEMENS","Cod.Fab: 10445689","NO","Kit","SI","2026-09-03T20:47:19.667877+00:00"
"994","10445702","PRIMING CARTRIDGES, 10 PIECES PFA200","SIEMENS","Cod.Fab: 10445702","NO","Kit","SI","2026-09-03T20:47:19.667877+00:00"
"995","10628686","CS OUTER RING FOR EVAP. CAPS GW5","SIEMENS","Cod.Fab: 10628686","NO","Kit","SI","2026-09-03T20:47:19.667877+00:00"
"996","10628685","CS OUTER RING FOR EVAP. CAPS GW15","SIEMENS","Cod.Fab: 10628685","NO","Kit","SI","2026-09-03T20:47:19.667877+00:00"
"997","10459384","PAPER PRINTER PFA200, 10 ROLLS","SIEMENS","Cod.Fab: 10459384","NO","Kit","SI","2026-09-03T20:47:19.667877+00:00"
"998","10873682","PAPEL TÉRMICO CL5840 (PARA SN> 2XXXX)","SIEMENS","Cod.Fab: 10873682","NO","Kit","SI","2026-09-03T20:47:19.667877+00:00"
"999","10446708","THERMOPAPER FOR CA-500 PRINTER","SIEMENS","Cod.Fab: 10446708","NO","Kit","SI","2026-09-03T20:47:19.667877+00:00"
"1000","10446532","PRINTER PAPER FOR BFT II","SIEMENS","Cod.Fab: 10446532","NO","Kit","SI","2026-09-03T20:47:19.667877+00:00"
"1001","10445730","HEPZYME","SIEMENS","Cod.Fab: 10445730","NO","Kit","SI","2026-09-03T20:47:19.667877+00:00"
"1002","10445715","HEPARIN CONTROL BAJO","SIEMENS","Cod.Fab: 10445715","NO","Kit","SI","2026-09-03T20:47:19.667877+00:00"
"1003","10445969","PT MULTICALIBRATOR 1-6 TESTKIT","SIEMENS","Cod.Fab: 10445969","NO","Kit","SI","2026-09-03T20:47:20.734586+00:00"
"1004","10446423","VON WILLEBRARD REG. MANUAL","SIEMENS","Cod.Fab: 10446423","NO","Kit","SI","2026-09-03T20:47:20.734586+00:00"
"1005","10873467","INNOVANCE DTI","SIEMENS","Cod.Fab: 10873467","NO","Kit","SI","2026-09-03T20:47:20.734586+00:00"
"1006","10873471","DABIGATRAN STANDARD","SIEMENS","Cod.Fab: 10873471","NO","Kit","SI","2026-09-03T20:47:20.734586+00:00"
"1007","10873470","DABIGATRAN CONTROLS","SIEMENS","Cod.Fab: 10873470","NO","Kit","SI","2026-09-03T20:47:20.734586+00:00"
"1008","10488059","CUBETAS DE REACCIÓN CS2000I","SIEMENS","Cod.Fab: 10488059","NO","Kit","SI","2026-09-03T20:47:20.734586+00:00"
"1009","10873440","CA SYSTEM BUFFER 8X250ML","SIEMENS","Cod.Fab: 10873440","NO","Kit","SI","2026-09-03T20:47:20.734586+00:00"
"1010","10446513","BFA®/BCT®-DISPO-SYSTEM CONTAINS 6 X 10 ROTORS WITH MIXER (FOR 6 X 320 MEASUREMENTS)","SIEMENS","Cod.Fab: 10446513","NO","Kit","SI","2026-09-03T20:47:20.734586+00:00"
"1011","10471585","FUNDA DE CONTENEDOR DESECHOS CS2","SIEMENS","Cod.Fab: 10471585","NO","Kit","SI","2026-09-03T20:47:20.734586+00:00"
"1012","10471586","RAP/TAC/CSA CONTROL (LEVEL 2)","SIEMENS","Cod.Fab: 10471586","NO","Kit","SI","2026-09-03T20:47:20.734586+00:00"
"1013","10471587","RAP/TAC/CSA CONTROL (LEVEL 3)","SIEMENS","Cod.Fab: 10471587","NO","Kit","SI","2026-09-03T20:47:20.734586+00:00"
"1014","10458677","BEHRING FIBRINTIMER II","SIEMENS","Cod.Fab: 10458677","NO","Kit","SI","2026-09-03T20:47:20.734586+00:00"
"1015","10322495","LINE CORD-POWER","SIEMENS","Cod.Fab: 10322495","NO","Kit","SI","2026-09-03T20:47:20.734586+00:00"
"1016","10487880","UPS 2 KVA SAL 120 V","SIEMENS","Cod.Fab: 10487880","NO","Kit","SI","2026-09-03T20:47:20.734586+00:00"
"1017","10712039","CA-660 INSTRUMENT","SIEMENS","Cod.Fab: 10712039","NO","Kit","SI","2026-09-03T20:47:20.734586+00:00"
"1018","10712041","CA-600 SERIES SUPPLY KIT","SIEMENS","Cod.Fab: 10712041","NO","Kit","SI","2026-09-03T20:47:20.734586+00:00"
"1019","10710513","SAMPLE BCR FOR CA620","SIEMENS","Cod.Fab: 10710513","NO","Kit","SI","2026-09-03T20:47:20.734586+00:00"
"1020","10713586","SYSMEX CS-5100 COMPLETE KIT (EPC)","SIEMENS","Cod.Fab: 10713586","NO","Kit","SI","2026-09-03T20:47:20.734586+00:00"
"1021","10454394","USB CABLE - A/B 20/28 AWG DBL SHLD","SIEMENS","Cod.Fab: 10454394","NO","Kit","SI","2026-09-03T20:47:20.734586+00:00"
"1022","10713590","CS-5100 COUNTRY KIT SPANISH","SIEMENS","Cod.Fab: 10713590","NO","Kit","SI","2026-09-03T20:47:20.734586+00:00"
"1023","11209616","CS-5100 LAS IFU SW 01-13 ONW ES","SIEMENS","Cod.Fab: 11209616","NO","Kit","SI","2026-09-03T20:47:20.734586+00:00"
"1024","11239341","CS-5100 IFU SW V 01-18 SPANISH","SIEMENS","Cod.Fab: 11239341","NO","Kit","SI","2026-09-03T20:47:20.734586+00:00"
"1025","10285134","FLOAT SWITCH NO.19 ASSY #96320019","SIEMENS","Cod.Fab: 10285134","NO","Kit","SI","2026-09-03T20:47:20.734586+00:00"
"1026","10454226","SAMPLE RACK 6PCE C2 WHITE #07327627","SIEMENS","Cod.Fab: 10454226","NO","Kit","SI","2026-09-03T20:47:20.734586+00:00"
"1027","10455339","RACK ID-LABEL 1-300","SIEMENS","Cod.Fab: 10455339","NO","Kit","SI","2026-09-03T20:47:20.734586+00:00"
"1028","10475548","HOLDER ASSY NO.126 #CW084217","SIEMENS","Cod.Fab: 10475548","NO","Kit","SI","2026-09-03T20:47:20.734586+00:00"
"1029","10712814","SI-12 COMPLETE EXT INDICATOR LIGHT","SIEMENS","Cod.Fab: 10712814","NO","Kit","SI","2026-09-03T20:47:20.734586+00:00"
"1030","10713577","CS-5 IPUHOLDER ASSY NO180#BR473948","SIEMENS","Cod.Fab: 10713577","NO","Kit","SI","2026-09-03T20:47:20.734586+00:00"
"1031","10716785","JIG_ASSY NO.343(PIERCER REPL KIT)","SIEMENS","Cod.Fab: 10716785","NO","Kit","SI","2026-09-03T20:47:20.734586+00:00"
"1032","10726155","HALOGEN LAMP FOR CS5100","SIEMENS","Cod.Fab: 10726155","NO","Kit","SI","2026-09-03T20:47:20.734586+00:00"
"1033","11239684","KIT NO.423 (2XPU-17 CONN) #AN157410","SIEMENS","Cod.Fab: 11239684","NO","Kit","SI","2026-09-03T20:47:20.734586+00:00"
"1034","10312164","UPS 3 KVA SAL 220 V","SIEMENS","Cod.Fab: 10312164","NO","Kit","SI","2026-09-03T20:47:20.734586+00:00"
"1035","11560395","PU-17 (220V)","SIEMENS","Cod.Fab: 11560395","NO","Kit","SI","2026-09-03T20:47:20.734586+00:00"
"1036","10709128","SYSMEX CS-5100 COMPLETE KIT (EPC)","SIEMENS","Cod.Fab: 10709128","NO","Kit","SI","2026-09-03T20:47:20.734586+00:00"
"1037","10924885","TRANSFORMADOR 220 VAC/ 220 VAC","SIEMENS","Cod.Fab: 10924885","NO","Kit","SI","2026-09-03T20:47:20.734586+00:00"
"1038","10805783","KIT PRINTER LEXMARK MS310DN 110V","SIEMENS","Cod.Fab: 10805783","NO","Kit","SI","2026-09-03T20:47:20.734586+00:00"
"1039","10488536","PFA 200 ANALYZER","SIEMENS","Cod.Fab: 10488536","NO","Kit","SI","2026-09-03T20:47:20.734586+00:00"
"1040","11210453","INNOV PFA-200 SW KIT 211 1708 EN","SIEMENS","Cod.Fab: 11210453","NO","Kit","SI","2026-09-03T20:47:20.734586+00:00"
"1041","11476720","BARCODE SCANNER CCD - USB","SIEMENS","Cod.Fab: 11476720","NO","Kit","SI","2026-09-03T20:47:20.734586+00:00"
"1042","10449434","M20 CONTAINER (20L TANK) #42424004","SIEMENS","Cod.Fab: 10449434","NO","Kit","SI","2026-09-03T20:47:20.734586+00:00"
"1043","10625107","PU-17 (100V) PNEUMATIC #01330057","SIEMENS","Cod.Fab: 10625107","NO","Kit","SI","2026-09-03T20:47:20.734586+00:00"
"1044","11239219","SYSMEX 2500 SIEMENS ES COUNTRY KIT","SIEMENS","Cod.Fab: 11239219","NO","Kit","SI","2026-09-03T20:47:20.734586+00:00"
"1045","11239235","SYSMEX CS-2500 MAIN UNIT","SIEMENS","Cod.Fab: 11239235","NO","Kit","SI","2026-09-03T20:47:20.734586+00:00"
"1046","11239236","CS2500 SUPPLY PARTS FOR SIEMENS OUS","SIEMENS","Cod.Fab: 11239236","NO","Kit","SI","2026-09-03T20:47:20.734586+00:00"
"1047","10709133","WAGON_ASSY NO.31 (TROLLEY FOR PU17)","SIEMENS","Cod.Fab: 10709133","NO","Kit","SI","2026-09-03T20:47:20.734586+00:00"
"1048","A7B10002263234","IMPRESORA HP LASERJET PRO M4003N","SIEMENS","Cod.Fab: A7B10002263234","NO","Kit","SI","2026-09-03T20:47:20.734586+00:00"
"1049","A7B10002261253","PC PARA ACM (PRECISION 3460 SMALL FORM FACTOR)","SIEMENS","Cod.Fab: A7B10002261253","NO","Kit","SI","2026-09-03T20:47:20.734586+00:00"
"1050","UT-366","PURITINE UNI-TRANZ","PURITINE","Cod.Fab: UT-366","NO","Kit","SI","2026-09-03T20:47:20.734586+00:00"
"1051","105-009393-00","TDR ONE-96","MINDRAY","Cod.Fab: 105-009393-00","NO","Kit","SI","2026-09-03T20:47:20.734586+00:00"
"1052","105-009413-00","TDR STR-96","MINDRAY","Cod.Fab: 105-009413-00","NO","Kit","SI","2026-09-03T20:47:20.734586+00:00"
"1053","105-009398-00","TDR STAPH-96","MINDRAY","Cod.Fab: 105-009398-00","NO","Kit","SI","2026-09-03T20:47:21.096163+00:00"
"1054","105-009408-00","TDR NF-96","MINDRAY","Cod.Fab: 105-009408-00","NO","Kit","SI","2026-09-03T20:47:21.096163+00:00"
"1055","105-009403-00","TDR YEAST-96","MINDRAY","Cod.Fab: 105-009403-00","NO","Kit","SI","2026-09-03T20:47:21.096163+00:00"
"1056","105-009418-00","TDR NH-96","MINDRAY","Cod.Fab: 105-009418-00","NO","Kit","SI","2026-09-03T20:47:21.096163+00:00"
"1057","105-053878-00","RESIN AEROBIC","MINDRAY","Cod.Fab: 105-053878-00","NO","Kit","SI","2026-09-03T20:47:21.096163+00:00"
"1058","105-053879-00","RESIN PEDS","MINDRAY","Cod.Fab: 105-053879-00","NO","Kit","SI","2026-09-03T20:47:21.096163+00:00"
"1059","105-053880-00","RESIN ANAEROBIC","MINDRAY","Cod.Fab: 105-053880-00","NO","Kit","SI","2026-09-03T20:47:21.096163+00:00"
"1060","FA-N20","FA-N20 AUTOMATED BLOOD CULTURE SYSTEM","MINDRAY","Cod.Fab: FA-N20","NO","Kit","SI","2026-09-03T20:47:21.096163+00:00"
"1061","8052B-PA00003","AZ-300 MICROBE TURBIDIMETER AMERICAN STANDARD","MINDRAY","Cod.Fab: 8052B-PA00003","NO","Kit","SI","2026-09-03T20:47:21.096163+00:00"
"1062","FA-M400","FA-M400","MINDRAY","Cod.Fab: FA-M400","NO","Kit","SI","2026-09-03T20:47:21.096163+00:00"
"1063","7453B-PA00011","FA-N60 AUTOMATED BLOOD CULTURE SYSTEM","MINDRAY","Cod.Fab: 7453B-PA00011","NO","Kit","SI","2026-09-03T20:47:21.096163+00:00"
"1064","7453B-PA00012","FA-N120 AUTOMATED BLOOD CULTURE SYSTEM","MINDRAY","Cod.Fab: 7453B-PA00012","NO","Kit","SI","2026-09-03T20:47:21.096163+00:00"
"1065","7453B-PA00013","FA-N240 AUTOMATED BLOOD CULTURE SYSTEM","MINDRAY","Cod.Fab: 7453B-PA00013","NO","Kit","SI","2026-09-03T20:47:21.096163+00:00"
"1066","7907B-PA00006","AF-300 AUTOMATED IDENTIFICATION AND SUSCEPTIBILITY TESTING SYSTEM","MINDRAY","Cod.Fab: 7907B-PA00006","NO","Kit","SI","2026-09-03T20:47:21.096163+00:00"
"1067","7907B-PA00005","AF-600 AUTOMATED IDENTIFICATION AND SUSCEPTIBILITY TESTING SYSTEM","MINDRAY","Cod.Fab: 7907B-PA00005","NO","Kit","SI","2026-09-03T20:47:21.096163+00:00"
"1068","105-058930-00","Z3 BACTERIAL MCFARLAND STANDARD","MINDRAY","Cod.Fab: 105-058930-00","NO","Kit","SI","2026-09-03T20:47:21.096163+00:00"
"1069","7402B-PA00006","AP-100 AUTOMATED DOSING SYSTEM","MINDRAY","Cod.Fab: 7402B-PA00006","NO","Kit","SI","2026-09-03T20:47:21.096163+00:00"
"1070","RT-S100","SPERM QUALITY ANALYZER","REETOO","Cod.Fab: RT-S100","NO","Kit","SI","2026-09-03T20:47:21.096163+00:00"
"1071","SG40","SAMPLING CUP","REETOO","Cod.Fab: SG40","NO","Kit","SI","2026-09-03T20:47:21.096163+00:00"
"1072","SG80","SAMPLING CUP","REETOO","Cod.Fab: SG80","NO","Kit","SI","2026-09-03T20:47:21.096163+00:00"
"1073","DIL-S40","SEMEN SAMPLE DILUTION KIT","REETOO","Cod.Fab: DIL-S40","NO","Kit","SI","2026-09-03T20:47:21.096163+00:00"
"1074","DIL-S80","SEMEN SAMPLE DILUTION KIT","REETOO","Cod.Fab: DIL-S80","NO","Kit","SI","2026-09-03T20:47:21.096163+00:00"
"1075","CLE-S1","CLEANSER","REETOO","Cod.Fab: CLE-S1","NO","Kit","SI","2026-09-03T20:47:21.096163+00:00"
"1076","D3500","AUTOMATIC SLIDE STAINER","REETOO","Cod.Fab: D3500","NO","Kit","SI","2026-09-03T20:47:21.096163+00:00"
"1077","MS2100","GENERAL MICROGRAPH SCANNER","REETOO","Cod.Fab: MS2100","NO","Kit","SI","2026-09-03T20:47:21.096163+00:00"
"1078","SSCREETOO","AUTOMATIC SLIDE STAINER CONSUMABLES","REETOO","Cod.Fab: SSCREETOO","NO","Kit","SI","2026-09-03T20:47:21.096163+00:00"
"1079","LOREETOO","LENS OIL","REETOO","Cod.Fab: LOREETOO","NO","Kit","SI","2026-09-03T20:47:21.096163+00:00"
"1080","DIL-F","SAMPLE DILUENT","REETOO","Cod.Fab: DIL-F","NO","Kit","SI","2026-09-03T20:47:21.096163+00:00"
"1081","3008666","FUS-14CaII","DIRUI","Cod.Fab: 3008666","NO","Kit","SI","2026-09-03T20:47:21.096163+00:00"
"1082","3008626","FUS-10II","DIRUI","Cod.Fab: 3008626","NO","Kit","SI","2026-09-03T20:47:21.096163+00:00"
"1083","3019955","H SERIES URINE ANALYZER CLEANING LIQUID FOR REFRACTOMETER AND TURBIDIMETER","DIRUI","Cod.Fab: 3019955","NO","Kit","SI","2026-09-03T20:47:21.096163+00:00"
"1084","10995569","Ferritin - Atellica IM - RGT - 90 Tests","SIEMENS","Cod.Fab: 10995569","NO","Kit","SI","2026-09-03T20:47:21.096163+00:00"
"1085","10997840","Troponin I High Sensitivity - RGT - 100 Tests","SIEMENS","Cod.Fab: 10997840","NO","Kit","SI","2026-09-03T20:47:21.096163+00:00"
"1086","11097525","TIBC - Atellica CH - RGT - 4 x 200 Tests","SIEMENS","Cod.Fab: 11097525","NO","Kit","SI","2026-09-03T20:47:21.096163+00:00"
"1087","11097531","TBil_2 - Atellica CH - RGT - 4 x 448 Tests","SIEMENS","Cod.Fab: 11097531","NO","Kit","SI","2026-09-03T20:47:21.096163+00:00"
"1088","11097532","DBil_2 - Atellica CH - RGT - 4 x 448 Tests","SIEMENS","Cod.Fab: 11097532","NO","Kit","SI","2026-09-03T20:47:21.096163+00:00"
"1089","11097536","A1c_Enz - Atellica CH - RGT - 2 x 300 Tests","SIEMENS","Cod.Fab: 11097536","NO","Kit","SI","2026-09-03T20:47:21.096163+00:00"
"1090","11097543","UCFP - Atellica CH - RGT - 4 x 370 tests","SIEMENS","Cod.Fab: 11097543","NO","Kit","SI","2026-09-03T20:47:21.096163+00:00"
"1091","11097590","Alb - Atellica CH - RGT - 4 x 1700 Tests","SIEMENS","Cod.Fab: 11097590","NO","Kit","SI","2026-09-03T20:47:21.096163+00:00"
"1092","11097592","GluH_3 - Atellica CH - RGT - 4 x 1560 Tests","SIEMENS","Cod.Fab: 11097592","NO","Kit","SI","2026-09-03T20:47:21.096163+00:00"
"1093","11097593","UN_c - Atellica CH - RGT - 4 x 1560 Tests","SIEMENS","Cod.Fab: 11097593","NO","Kit","SI","2026-09-03T20:47:21.096163+00:00"
"1094","11097594","LDH L-P (LDLP) - Atellica CH - RGT - 4 x 448 Tests","SIEMENS","Cod.Fab: 11097594","NO","Kit","SI","2026-09-03T20:47:21.096163+00:00"
"1095","11097600","ALP_2c - Atellica CH - RGT - 4 x 1200 Tests","SIEMENS","Cod.Fab: 11097600","NO","Kit","SI","2026-09-03T20:47:21.096163+00:00"
"1096","11097601","Iron_2 - Atellica CH - RGT - 4 x 448 Tests","SIEMENS","Cod.Fab: 11097601","NO","Kit","SI","2026-09-03T20:47:21.096163+00:00"
"1097","11097605","ALT - Atellica CH - RGT - 3 x 850 Tests","SIEMENS","Cod.Fab: 11097605","NO","Kit","SI","2026-09-03T20:47:21.096163+00:00"
"1098","11097606","Lip - Atellica CH - RGT - 4 x 320 Tests","SIEMENS","Cod.Fab: 11097606","NO","Kit","SI","2026-09-03T20:47:21.096163+00:00"
"1099","11097607","AST - Atellica CH - RGT - 3 x 850 Tests","SIEMENS","Cod.Fab: 11097607","NO","Kit","SI","2026-09-03T20:47:21.096163+00:00"
"1100","11097608","UA - Atellica CH - RGT - 4 x 1200 Tests","SIEMENS","Cod.Fab: 11097608","NO","Kit","SI","2026-09-03T20:47:21.096163+00:00"
"1101","11097609","Chol_2 - Atellica CH - RGT - 4 x 2100 Tests","SIEMENS","Cod.Fab: 11097609","NO","Kit","SI","2026-09-03T20:47:21.096163+00:00"
"1102","11097611","Inorganic Phosphorus (IP) - RGT - 3 x 1700 Tests","SIEMENS","Cod.Fab: 11097611","NO","Kit","SI","2026-09-03T20:47:21.096163+00:00"
"1103","11097612","Mg - Atellica CH - RGT - 3 x 400 Tests","SIEMENS","Cod.Fab: 11097612","NO","Kit","SI","2026-09-03T20:47:21.464552+00:00"
"1104","11097613","Transferrin (Trf) - Atellica CH - RGT - 4 x 220 Tests","SIEMENS","Cod.Fab: 11097613","NO","Kit","SI","2026-09-03T20:47:21.464552+00:00"
"1105","11097618","RF - Atellica CH - RGT - 2 x 180 Tests","SIEMENS","Cod.Fab: 11097618","NO","Kit","SI","2026-09-03T20:47:21.464552+00:00"
"1106","11097640","CK_L - Atellica CH - RGT - 3 x 332 Tests","SIEMENS","Cod.Fab: 11097640","NO","Kit","SI","2026-09-03T20:47:21.464552+00:00"
"1107","11097644","CA_2 - Atellica CH - RGT - 4 x 2050 Tests","SIEMENS","Cod.Fab: 11097644","NO","Kit","SI","2026-09-03T20:47:21.464552+00:00"
"1108","11097649","Amylase_2 - Atellica CH - RGT - 3 x 350 Tests","SIEMENS","Cod.Fab: 11097649","NO","Kit","SI","2026-09-03T20:47:21.464552+00:00"
"1109","11099315","Na K Cl - Atellica IMT - RGT - 4 Sensors","SIEMENS","Cod.Fab: 11099315","NO","Kit","SI","2026-09-03T20:47:21.464552+00:00"
"1110","11533403","CKMB Sentinel - ACH - RGT - 320 tests","SIEMENS","Cod.Fab: 11533403","NO","Kit","SI","2026-09-03T20:47:21.464552+00:00"
"1111","11537213","HDLC - Atellica CH - RGT - 4 x 448 tests","SIEMENS","Cod.Fab: 11537213","NO","Kit","SI","2026-09-03T20:47:21.464552+00:00"
"1112","11537214","LDLC - Atellica CH - RGT - 4 x 400 tests","SIEMENS","Cod.Fab: 11537214","NO","Kit","SI","2026-09-03T20:47:21.464552+00:00"
"1113","11537216","ECre_3 - Atellica CH - RGT - 4 x 500 tests","SIEMENS","Cod.Fab: 11537216","NO","Kit","SI","2026-09-03T20:47:21.464552+00:00"
"1114","11537222","Trig 2 - Atellica CH - RGT - 4 x 500 Tests","SIEMENS","Cod.Fab: 11537222","NO","Kit","SI","2026-09-03T20:47:21.464552+00:00"
"1115","11537223","Revised C Reactive Protein(RCRP) - RGT - 4 x 500 Tests","SIEMENS","Cod.Fab: 11537223","NO","Kit","SI","2026-09-03T20:47:21.464552+00:00"
"1116","11537228","TP_2 - Atellica CH - RGT - 4 x 1850 tests","SIEMENS","Cod.Fab: 11537228","NO","Kit","SI","2026-09-03T20:47:21.464552+00:00"
"1117","11537248","GGT_2 - Atellica CH - RGT - 1792 Tests","SIEMENS","Cod.Fab: 11537248","NO","Kit","SI","2026-09-03T20:47:21.464552+00:00"
"1118","10330496","16229C CALIBRADOR CKMB SENTINEL","SIEMENS","Cod.Fab: 10330496","NO","Kit","SI","2026-09-03T20:47:21.464552+00:00"
"1119","11099338","A1c_Enz - Atellica CI - CAL","SIEMENS","Cod.Fab: 11099338","NO","Kit","SI","2026-09-03T20:47:21.464552+00:00"
"1120","11417929","Acid - Atellica IM - CONS - 2 x 1500 ml","SIEMENS","Cod.Fab: 11417929","NO","Kit","SI","2026-09-03T20:47:21.464552+00:00"
"1121","11099316","ALP_2 CAL - Atellica CH - CAL - 6 x 1.0 mL","SIEMENS","Cod.Fab: 11099316","NO","Kit","SI","2026-09-03T20:47:21.464552+00:00"
"1122","11537245","Atellica CH RCRP CAL","SIEMENS","Cod.Fab: 11537245","NO","Kit","SI","2026-09-03T20:47:21.464552+00:00"
"1123","10998580","Atellica IM APW3 2PK (CONS)","SIEMENS","Cod.Fab: 10998580","NO","Kit","SI","2026-09-03T20:47:21.464552+00:00"
"1124","11481335","Barcode labels - Atellica Solution - CONS","SIEMENS","Cod.Fab: 11481335","NO","Kit","SI","2026-09-03T20:47:21.464552+00:00"
"1125","11417930","Base - Atellica IM - CONS - 2 x 1500 ml","SIEMENS","Cod.Fab: 11417930","NO","Kit","SI","2026-09-03T20:47:21.464552+00:00"
"1126","11537243","BILI CAL - Atellica CH -CAL - 6x3mL","SIEMENS","Cod.Fab: 11537243","NO","Kit","SI","2026-09-03T20:47:21.464552+00:00"
"1127","10995506","CAL C 2PK - Atellica IM - CAL","SIEMENS","Cod.Fab: 10995506","NO","Kit","SI","2026-09-03T20:47:21.464552+00:00"
"1128","11099311","Check Reagent - Atellica CH/CI - CONS - 8x47mL","SIEMENS","Cod.Fab: 11099311","NO","Kit","SI","2026-09-03T20:47:21.464552+00:00"
"1129","11099411","CHEM CAL - Atellica CH - CAL - 12 x 3 ml","SIEMENS","Cod.Fab: 11099411","NO","Kit","SI","2026-09-03T20:47:21.464552+00:00"
"1130","11099303","Cleaner - Atellica CH - CONS - 2 x 1.5 L","SIEMENS","Cod.Fab: 11099303","NO","Kit","SI","2026-09-03T20:47:21.464552+00:00"
"1131","11098502","Cleaner - Atellica IM - CONS - 2 x 1.5L","SIEMENS","Cod.Fab: 11098502","NO","Kit","SI","2026-09-03T20:47:21.464552+00:00"
"1132","11099302","Conditioner - Atellica CH - CONS - 2 x 1.5 L","SIEMENS","Cod.Fab: 11099302","NO","Kit","SI","2026-09-03T20:47:21.464552+00:00"
"1133","11075642","Cuvette Wash - Atellica CH - CONS","SIEMENS","Cod.Fab: 11075642","NO","Kit","SI","2026-09-03T20:47:21.464552+00:00"
"1134","10309546","Cuvettes - CENTAUR - CONS - 3000 Pieces","SIEMENS","Cod.Fab: 10309546","NO","Kit","SI","2026-09-03T20:47:21.464552+00:00"
"1135","11099300","Diluent - Atellica CH - CONS - 2 x 1.5 L","SIEMENS","Cod.Fab: 11099300","NO","Kit","SI","2026-09-03T20:47:21.464552+00:00"
"1136","11099325","Atellica IMT Dilution Check (CONS)","SIEMENS","Cod.Fab: 11099325","NO","Kit","SI","2026-09-03T20:47:21.464552+00:00"
"1137","11099501","Dilution Cuvettes - Atellica CI - CONS - 4 segments","SIEMENS","Cod.Fab: 11099501","NO","Kit","SI","2026-09-03T20:47:21.464552+00:00"
"1138","11538114","EMPTY1 - Atellica CH - CONS - 8 packs","SIEMENS","Cod.Fab: 11538114","NO","Kit","SI","2026-09-03T20:47:21.464552+00:00"
"1139","11538115","EMPTY2 - Atellica CH - CONS - 8 packs","SIEMENS","Cod.Fab: 11538115","NO","Kit","SI","2026-09-03T20:47:21.464552+00:00"
"1140","11099317","ENZ 1 CAL - Atellica CH - CAL - 6 x 2.5 ml","SIEMENS","Cod.Fab: 11099317","NO","Kit","SI","2026-09-03T20:47:21.464552+00:00"
"1141","11099318","ENZ 2 CAL - Atellica CH - CAL - 6 x 1.5 ml","SIEMENS","Cod.Fab: 11099318","NO","Kit","SI","2026-09-03T20:47:21.464552+00:00"
"1142","11099319","ENZ 3 CAL - Atellica CH - CAL - 6 x 2.0 ml","SIEMENS","Cod.Fab: 11099319","NO","Kit","SI","2026-09-03T20:47:21.464552+00:00"
"1143","11075725","FILTER INTAKE VAC / THERMAL (CONS)","SIEMENS","Cod.Fab: 11075725","NO","Kit","SI","2026-09-03T20:47:21.464552+00:00"
"1144","11075676","Halogen Bulb Lamp Assembly - CONS","SIEMENS","Cod.Fab: 11075676","NO","Kit","SI","2026-09-03T20:47:21.464552+00:00"
"1145","11537240","HDLC - Atellica CH - CAL - 3x1mL","SIEMENS","Cod.Fab: 11537240","NO","Kit","SI","2026-09-03T20:47:21.464552+00:00"
"1146","11075703","Impeller Mixer Assembly - CONS","SIEMENS","Cod.Fab: 11075703","NO","Kit","SI","2026-09-03T20:47:21.464552+00:00"
"1147","11099307","Lamp Coolant - Atellica CH - CONS - 1 x 250 mL","SIEMENS","Cod.Fab: 11099307","NO","Kit","SI","2026-09-03T20:47:21.464552+00:00"
"1148","11537241","LDLC - Atellica CH - CAL - 3x2mL","SIEMENS","Cod.Fab: 11537241","NO","Kit","SI","2026-09-03T20:47:21.464552+00:00"
"1149","11099434","LSP CAL - Atellica CH - CAL - 6 levels","SIEMENS","Cod.Fab: 11099434","NO","Kit","SI","2026-09-03T20:47:21.464552+00:00"
"1150","10995637","Multi-Diluent 1 2PK - Atellica IM - CONS","SIEMENS","Cod.Fab: 10995637","NO","Kit","SI","2026-09-03T20:47:21.464552+00:00"
"1151","10995642","Multi-Diluent 11 2PK - Atellica IM - CONS","SIEMENS","Cod.Fab: 10995642","NO","Kit","SI","2026-09-03T20:47:21.464552+00:00"
"1152","11075682","Peristaltic Pump Tubing - CONS","SIEMENS","Cod.Fab: 11075682","NO","Kit","SI","2026-09-03T20:47:21.464552+00:00"